trial,migration_idx,sub_id,seed,trial_seed,encrypted,old_closest_pub,new_optimal_pub,received_pub,converged,convergence_ms,migration_class
0,0,21,42,42,0,11,12,-1,0,-1,farther
0,0,39,42,42,0,7,11,11,1,0.66022,closer
0,1,13,42,42,0,1,15,15,1,0.307959,closer
0,1,20,42,42,0,1,15,15,1,2.18899,closer
0,1,23,42,42,0,19,15,15,1,2.19051,closer
0,1,28,42,42,0,10,15,15,1,2.19136,closer
0,2,21,42,42,0,11,12,-1,0,-1,farther
0,2,39,42,42,0,11,7,-1,0,-1,farther
0,2,42,42,42,0,4,11,11,1,0.317803,closer
0,3,17,42,42,0,8,0,0,1,0.140331,closer
0,3,19,42,42,0,8,0,0,1,0.141403,closer
0,3,45,42,42,0,2,0,0,1,0.142134,closer
0,4,18,42,42,0,6,4,4,1,0.122737,closer
0,4,46,42,42,0,6,4,4,1,0.123789,closer
0,5,26,42,42,0,8,0,-1,0,-1,farther
0,5,49,42,42,0,8,0,-1,0,-1,farther
0,7,2,42,42,0,1,18,18,1,0.346502,closer
0,7,5,42,42,0,18,5,-1,0,-1,farther
0,7,7,42,42,0,1,18,18,1,0.347824,closer
0,7,22,42,42,0,18,7,-1,0,-1,farther
0,7,27,42,42,0,1,18,18,1,0.348705,closer
0,7,34,42,42,0,18,3,-1,0,-1,farther
0,7,45,42,42,0,0,18,18,1,0.349416,closer
0,7,48,42,42,0,2,18,18,1,0.350117,closer
0,8,6,42,42,0,13,13,-1,0,-1,farther
0,8,11,42,42,0,19,13,13,1,3.11353,closer
0,8,37,42,42,0,13,14,-1,0,-1,farther
0,9,2,42,42,0,18,1,-1,0,-1,farther
0,9,5,42,42,0,18,18,18,1,0.123638,closer
0,9,7,42,42,0,18,1,-1,0,-1,farther
0,9,22,42,42,0,18,18,-1,0,-1,farther
0,9,27,42,42,0,18,1,-1,0,-1,farther
0,9,34,42,42,0,18,18,18,1,0.12487,closer
0,9,40,42,42,0,3,18,18,1,0.125671,closer
0,9,45,42,42,0,18,0,-1,0,-1,farther
0,9,48,42,42,0,18,2,-1,0,-1,farther
0,10,0,42,42,0,10,19,-1,0,-1,farther
0,10,9,42,42,0,10,19,-1,0,-1,farther
0,10,10,42,42,0,10,4,-1,0,-1,farther
0,10,31,42,42,0,10,19,-1,0,-1,farther
0,10,32,42,42,0,10,19,-1,0,-1,farther
0,10,43,42,42,0,10,19,-1,0,-1,farther
0,11,6,42,42,0,13,3,-1,0,-1,farther
0,11,11,42,42,0,13,19,-1,0,-1,farther
0,11,34,42,42,0,18,13,13,1,0.30061,closer
0,11,37,42,42,0,13,14,-1,0,-1,farther
0,11,40,42,42,0,18,13,13,1,0.301872,closer
0,12,0,42,42,0,10,9,9,1,0.155452,closer
0,12,28,42,42,0,15,9,9,1,0.156603,closer
0,12,43,42,42,0,10,9,9,1,0.157284,closer
0,13,15,42,42,0,16,19,-1,0,-1,farther
0,13,29,42,42,0,16,3,-1,0,-1,farther
0,13,47,42,42,0,1,16,16,1,0.275446,closer
0,15,6,42,42,0,13,3,-1,0,-1,farther
0,15,11,42,42,0,13,19,-1,0,-1,farther
0,15,34,42,42,0,13,18,-1,0,-1,farther
0,15,37,42,42,0,13,14,-1,0,-1,farther
0,15,40,42,42,0,13,18,-1,0,-1,farther
0,16,25,42,42,0,3,13,-1,0,-1,farther
0,17,10,42,42,0,10,15,15,1,0.213401,closer
0,17,13,42,42,0,15,16,-1,0,-1,farther
0,17,20,42,42,0,15,16,-1,0,-1,farther
0,17,23,42,42,0,15,19,-1,0,-1,farther
0,18,25,42,42,0,3,13,-1,0,-1,farther
0,19,4,42,42,0,19,7,7,1,0.127844,closer
0,19,14,42,42,0,7,0,-1,0,-1,farther
0,19,24,42,42,0,7,0,-1,0,-1,farther
0,19,30,42,42,0,7,0,-1,0,-1,farther
1,0,3,42,43,0,0,0,0,1,0.960809,closer
1,0,6,42,43,0,0,16,-1,0,-1,farther
1,0,9,42,43,0,0,3,-1,0,-1,farther
1,0,19,42,43,0,0,3,-1,0,-1,farther
1,1,7,42,43,0,7,13,13,1,0.341476,closer
1,1,8,42,43,0,18,13,13,1,0.362044,closer
1,2,10,42,43,0,8,18,-1,0,-1,farther
1,2,12,42,43,0,4,8,8,1,0.156293,closer
1,2,31,42,43,0,4,8,8,1,0.157225,closer
1,2,45,42,43,0,4,8,8,1,0.158076,closer
1,3,7,42,43,0,13,7,-1,0,-1,farther
1,3,8,42,43,0,13,18,-1,0,-1,farther
1,3,10,42,43,0,8,13,13,1,0.175909,closer
1,3,37,42,43,0,18,13,13,1,0.177101,closer
1,3,46,42,43,0,18,13,13,1,0.177872,closer
1,3,49,42,43,0,18,13,13,1,0.178843,closer
1,4,27,42,43,0,12,3,-1,0,-1,farther
1,4,29,42,43,0,10,12,12,1,0.13202,closer
1,4,34,42,43,0,12,3,-1,0,-1,farther
1,4,47,42,43,0,10,12,12,1,0.254096,closer
1,5,8,42,43,0,13,5,5,1,0.266833,closer
1,5,16,42,43,0,5,14,-1,0,-1,farther
1,5,33,42,43,0,5,19,-1,0,-1,farther
1,5,40,42,43,0,5,14,-1,0,-1,farther
1,7,2,42,43,0,19,9,-1,0,-1,farther
1,7,3,42,43,0,0,19,19,1,0.142444,closer
1,7,10,42,43,0,13,19,19,1,0.144006,closer
1,7,24,42,43,0,19,9,-1,0,-1,farther
1,7,25,42,43,0,19,9,-1,0,-1,farther
1,7,38,42,43,0,19,9,-1,0,-1,farther
1,8,20,42,43,0,18,13,-1,0,-1,farther
1,8,22,42,43,0,14,18,18,1,0.131299,closer
1,8,28,42,43,0,18,13,-1,0,-1,farther
1,9,2,42,43,0,19,9,-1,0,-1,farther
1,9,3,42,43,0,19,19,-1,0,-1,farther
1,9,9,42,43,0,0,19,19,1,0.30074,closer
1,9,10,42,43,0,19,13,-1,0,-1,farther
1,9,24,42,43,0,19,9,-1,0,-1,farther
1,9,25,42,43,0,19,9,-1,0,-1,farther
1,9,38,42,43,0,19,9,-1,0,-1,farther
1,10,4,42,43,0,9,3,3,1,0.230814,closer
1,10,23,42,43,0,3,19,-1,0,-1,farther
1,11,12,42,43,0,8,4,-1,0,-1,farther
1,11,27,42,43,0,12,8,8,1,0.253245,closer
1,11,31,42,43,0,8,4,-1,0,-1,farther
1,11,41,42,43,0,6,8,8,1,0.254887,closer
1,11,45,42,43,0,8,4,-1,0,-1,farther
1,12,11,42,43,0,4,1,1,1,0.12485,closer
1,12,21,42,43,0,1,1,-1,0,-1,farther
1,12,39,42,43,0,1,18,-1,0,-1,farther
1,13,13,42,43,0,15,15,-1,0,-1,farther
1,13,30,42,43,0,15,15,15,1,0.134083,closer
1,13,42,42,43,0,15,15,-1,0,-1,farther
1,14,7,42,43,0,13,5,-1,0,-1,farther
1,14,37,42,43,0,13,16,-1,0,-1,farther
1,14,46,42,43,0,13,16,-1,0,-1,farther
1,14,49,42,43,0,13,16,-1,0,-1,farther
1,15,20,42,43,0,18,9,9,1,0.138869,closer
1,15,26,42,43,0,9,2,-1,0,-1,farther
1,15,28,42,43,0,18,9,9,1,0.167949,closer
1,16,18,42,43,0,14,2,2,1,0.361743,closer
1,17,2,42,43,0,19,3,-1,0,-1,farther
1,17,3,42,43,0,19,0,-1,0,-1,farther
1,17,9,42,43,0,19,19,-1,0,-1,farther
1,17,10,42,43,0,19,9,-1,0,-1,farther
1,17,19,42,43,0,0,19,19,1,0.122627,closer
1,17,24,42,43,0,19,3,-1,0,-1,farther
1,17,25,42,43,0,19,3,-1,0,-1,farther
1,17,38,42,43,0,19,3,-1,0,-1,farther
1,18,44,42,43,0,6,15,-1,0,-1,farther
1,19,6,42,43,0,0,19,-1,0,-1,farther
2,0,10,42,44,0,13,0,0,1,0.255288,closer
2,0,16,42,44,0,13,0,0,1,0.277097,closer
2,0,21,42,44,0,8,0,0,1,0.297385,closer
2,0,22,42,44,0,8,0,0,1,0.317082,closer
2,0,23,42,44,0,13,0,0,1,0.336729,closer
2,0,36,42,44,0,8,0,0,1,0.357006,closer
2,0,39,42,44,0,8,0,0,1,0.376853,closer
2,0,44,42,44,0,8,0,0,1,0.39657,closer
2,1,22,42,44,0,0,14,14,1,0.375032,closer
2,1,34,42,44,0,14,19,-1,0,-1,farther
2,1,42,42,44,0,4,14,14,1,0.376343,closer
2,3,18,42,44,0,6,5,5,1,0.147201,closer
2,3,40,42,44,0,6,5,5,1,0.148683,closer
2,4,3,42,44,0,13,10,-1,0,-1,farther
2,4,4,42,44,0,13,5,-1,0,-1,farther
2,4,48,42,44,0,13,12,-1,0,-1,farther
2,4,49,42,44,0,9,13,13,1,0.390973,closer
2,5,9,42,44,0,6,3,3,1,0.22688,closer
2,5,15,42,44,0,17,3,3,1,0.228422,closer
2,5,24,42,44,0,16,3,3,1,0.229243,closer
2,5,33,42,44,0,17,3,3,1,0.230064,closer
2,5,37,42,44,0,3,17,-1,0,-1,farther
2,6,22,42,44,0,14,0,-1,0,-1,farther
2,6,34,42,44,0,14,19,-1,0,-1,farther
2,6,41,42,44,0,10,14,14,1,0.254817,closer
2,6,42,42,44,0,14,4,-1,0,-1,farther
2,7,12,42,44,0,10,14,-1,0,-1,farther
2,7,31,42,44,0,10,14,-1,0,-1,farther
2,7,32,42,44,0,17,10,10,1,0.167488,closer
2,8,14,42,44,0,12,5,-1,0,-1,farther
2,8,22,42,44,0,14,12,12,1,0.156314,closer
2,8,27,42,44,0,12,2,-1,0,-1,farther
2,8,29,42,44,0,7,12,12,1,0.157515,closer
2,8,35,42,44,0,12,2,-1,0,-1,farther
2,8,42,42,44,0,14,12,12,1,0.158687,closer
2,8,45,42,44,0,12,5,-1,0,-1,farther
2,9,4,42,44,0,13,6,6,1,0.143125,closer
2,9,16,42,44,0,0,6,6,1,0.171714,closer
2,9,25,42,44,0,6,5,-1,0,-1,farther
2,9,26,42,44,0,6,5,-1,0,-1,farther
2,10,9,42,44,0,3,10,-1,0,-1,farther
2,10,15,42,44,0,3,10,-1,0,-1,farther
2,10,24,42,44,0,3,10,-1,0,-1,farther
2,10,33,42,44,0,3,10,-1,0,-1,farther
2,10,37,42,44,0,3,3,-1,0,-1,farther
2,11,40,42,44,0,5,17,17,1,0.136035,closer
2,12,3,42,44,0,13,6,-1,0,-1,farther
2,12,41,42,44,0,14,13,13,1,2.61564,closer
2,12,48,42,44,0,13,6,-1,0,-1,farther
2,12,49,42,44,0,13,9,-1,0,-1,farther
2,13,1,42,44,0,15,3,-1,0,-1,farther
2,13,2,42,44,0,15,19,-1,0,-1,farther
2,13,7,42,44,0,15,3,-1,0,-1,farther
2,13,22,42,44,0,12,15,15,1,0.182529,closer
2,14,12,42,44,0,10,13,-1,0,-1,farther
2,14,31,42,44,0,10,13,-1,0,-1,farther
2,14,32,42,44,0,10,3,-1,0,-1,farther
2,15,22,42,44,0,15,14,14,1,0.675301,closer
2,15,34,42,44,0,14,19,-1,0,-1,farther
2,15,44,42,44,0,0,14,14,1,0.677053,closer
2,16,8,42,44,0,1,19,-1,0,-1,farther
2,17,8,42,44,0,1,19,-1,0,-1,farther
2,17,22,42,44,0,14,1,1,1,0.13245,closer
2,17,44,42,44,0,14,1,1,1,0.133532,closer
2,18,1,42,44,0,15,3,-1,0,-1,farther
2,18,2,42,44,0,15,10,-1,0,-1,farther
2,18,7,42,44,0,15,3,-1,0,-1,farther
2,18,28,42,44,0,2,15,15,1,0.743484,closer
2,18,49,42,44,0,13,15,15,1,0.744645,closer
2,19,10,42,44,0,0,6,-1,0,-1,farther
2,19,21,42,44,0,0,14,-1,0,-1,farther
2,19,23,42,44,0,0,1,-1,0,-1,farther
2,19,30,42,44,0,2,0,0,1,0.134113,closer
2,19,36,42,44,0,0,8,-1,0,-1,farther
2,19,39,42,44,0,0,14,-1,0,-1,farther
3,0,5,42,45,0,13,3,-1,0,-1,farther
3,0,7,42,45,0,13,3,-1,0,-1,farther
3,0,30,42,45,0,13,3,-1,0,-1,farther
3,0,33,42,45,0,2,13,13,1,0.626103,closer
3,0,40,42,45,0,13,19,-1,0,-1,farther
3,0,41,42,45,0,13,1,-1,0,-1,farther
3,1,9,42,45,0,14,0,-1,0,-1,farther
3,1,22,42,45,0,14,0,-1,0,-1,farther
3,1,43,42,45,0,14,0,-1,0,-1,farther
3,2,3,42,45,0,10,16,-1,0,-1,farther
3,2,15,42,45,0,0,10,10,1,0.133452,closer
3,2,24,42,45,0,0,10,10,1,0.170623,closer
3,2,28,42,45,0,10,0,-1,0,-1,farther
3,2,46,42,45,0,0,10,10,1,0.171904,closer
3,3,33,42,45,0,13,11,11,1,0.149434,closer
3,4,3,42,45,0,10,16,-1,0,-1,farther
3,4,15,42,45,0,10,0,-1,0,-1,farther
3,4,24,42,45,0,10,0,-1,0,-1,farther
3,4,28,42,45,0,10,0,-1,0,-1,farther
3,4,46,42,45,0,10,0,-1,0,-1,farther
3,5,12,42,45,0,4,5,-1,0,-1,farther
3,6,1,42,45,0,3,4,4,1,0.138849,closer
3,6,8,42,45,0,9,4,4,1,0.171354,closer
3,6,12,42,45,0,4,5,-1,0,-1,farther
3,6,19,42,45,0,19,4,4,1,0.172355,closer
3,7,2,42,45,0,3,4,-1,0,-1,farther
3,7,27,42,45,0,12,3,3,1,0.127053,closer
3,7,31,42,45,0,3,8,-1,0,-1,farther
3,9,9,42,45,0,14,2,2,1,0.298978,closer
3,9,18,42,45,0,2,14,-1,0,-1,farther
3,9,22,42,45,0,14,2,2,1,0.300209,closer
3,9,28,42,45,0,10,2,2,1,0.301041,closer
3,9,43,42,45,0,14,2,2,1,0.302392,closer
3,10,10,42,45,0,0,2,-1,0,-1,farther
3,10,42,42,45,0,0,2,-1,0,-1,farther
3,11,33,42,45,0,11,10,-1,0,-1,farther
3,12,10,42,45,0,0,17,17,1,0.384754,closer
3,12,15,42,45,0,10,17,17,1,0.386156,closer
3,12,26,42,45,0,17,16,-1,0,-1,farther
3,13,1,42,45,0,4,12,-1,0,-1,farther
3,13,8,42,45,0,4,9,-1,0,-1,farther
3,13,12,42,45,0,4,0,-1,0,-1,farther
3,13,19,42,45,0,4,19,-1,0,-1,farther
3,15,1,42,45,0,4,8,8,1,0.582054,closer
3,15,2,42,45,0,3,8,8,1,0.583506,closer
3,15,8,42,45,0,4,8,8,1,0.584437,closer
3,15,19,42,45,0,4,8,8,1,0.585268,closer
3,15,31,42,45,0,3,8,8,1,0.586039,closer
3,15,38,42,45,0,8,1,-1,0,-1,farther
3,15,47,42,45,0,8,1,-1,0,-1,farther
3,16,33,42,45,0,11,0,0,1,0.192171,closer
3,16,42,42,45,0,0,17,-1,0,-1,farther
3,17,6,42,45,0,1,13,-1,0,-1,farther
3,17,23,42,45,0,1,13,-1,0,-1,farther
3,17,28,42,45,0,2,1,1,1,0.136777,closer
3,17,43,42,45,0,2,1,1,1,0.138138,closer
3,17,45,42,45,0,1,13,-1,0,-1,farther
3,18,3,42,45,0,10,16,-1,0,-1,farther
3,18,24,42,45,0,10,17,-1,0,-1,farther
3,18,45,42,45,0,1,10,10,1,0.127464,closer
3,18,46,42,45,0,10,17,-1,0,-1,farther
3,19,13,42,45,0,19,18,18,1,0.147971,closer
3,19,17,42,45,0,19,18,18,1,0.149153,closer
3,19,21,42,45,0,18,9,-1,0,-1,farther
3,19,25,42,45,0,19,18,18,1,0.149984,closer
3,19,29,42,45,0,19,18,18,1,0.150785,closer
3,19,34,42,45,0,18,9,-1,0,-1,farther
3,19,39,42,45,0,19,18,18,1,0.151646,closer
3,19,49,42,45,0,19,18,18,1,0.152367,closer
4,1,11,42,46,0,11,8,-1,0,-1,farther
4,1,39,42,46,0,12,11,11,1,0.349597,closer
4,2,2,42,46,0,13,14,-1,0,-1,farther
4,2,22,42,46,0,16,13,13,1,0.1176,closer
4,2,23,42,46,0,13,11,-1,0,-1,farther
4,2,29,42,46,0,13,18,-1,0,-1,farther
4,2,40,42,46,0,16,13,13,1,0.118492,closer
4,3,0,42,46,0,19,14,-1,0,-1,farther
4,3,46,42,46,0,19,18,-1,0,-1,farther
4,4,23,42,46,0,13,14,14,1,0.200874,closer
4,5,18,42,46,0,7,8,-1,0,-1,farther
4,5,25,42,46,0,7,14,-1,0,-1,farther
4,6,1,42,46,0,17,4,4,1,0.326074,closer
4,6,5,42,46,0,1,4,4,1,0.327206,closer
4,6,9,42,46,0,4,12,-1,0,-1,farther
4,6,10,42,46,0,4,12,-1,0,-1,farther
4,6,27,42,46,0,4,12,-1,0,-1,farther
4,6,34,42,46,0,1,4,4,1,0.328157,closer
4,7,3,42,46,0,2,11,11,1,0.130588,closer
4,7,11,42,46,0,11,8,-1,0,-1,farther
4,7,13,42,46,0,16,11,11,1,0.13174,closer
4,7,20,42,46,0,16,11,11,1,0.132511,closer
4,7,32,42,46,0,16,11,11,1,0.133182,closer
4,7,39,42,46,0,11,12,-1,0,-1,farther
4,8,3,42,46,0,11,9,9,1,0.120995,closer
4,8,33,42,46,0,9,5,-1,0,-1,farther
4,9,0,42,46,0,19,5,5,1,0.142144,closer
4,9,12,42,46,0,5,2,-1,0,-1,farther
4,9,30,42,46,0,5,2,-1,0,-1,farther
4,9,32,42,46,0,11,5,5,1,0.143325,closer
4,9,36,42,46,0,5,15,-1,0,-1,farther
4,9,46,42,46,0,19,5,5,1,0.144127,closer
4,9,49,42,46,0,5,7,-1,0,-1,farther
4,10,1,42,46,0,4,17,-1,0,-1,farther
4,10,5,42,46,0,4,1,-1,0,-1,farther
4,10,9,42,46,0,4,12,-1,0,-1,farther
4,10,10,42,46,0,4,12,-1,0,-1,farther
4,10,19,42,46,0,15,4,4,1,0.32321,closer
4,10,26,42,46,0,2,4,4,1,0.324292,closer
4,10,27,42,46,0,4,12,-1,0,-1,farther
4,10,34,42,46,0,4,1,-1,0,-1,farther
4,10,36,42,46,0,5,4,4,1,0.324863,closer
4,12,15,42,46,0,0,4,-1,0,-1,farther
4,13,0,42,46,0,5,8,-1,0,-1,farther
4,13,10,42,46,0,4,5,5,1,0.252214,closer
4,13,12,42,46,0,5,4,-1,0,-1,farther
4,13,30,42,46,0,5,2,-1,0,-1,farther
4,13,32,42,46,0,5,11,-1,0,-1,farther
4,13,46,42,46,0,5,9,-1,0,-1,farther
4,13,49,42,46,0,5,4,-1,0,-1,farther
4,14,1,42,46,0,4,4,4,1,0.202035,closer
4,14,5,42,46,0,4,1,-1,0,-1,farther
4,14,9,42,46,0,4,5,-1,0,-1,farther
4,14,10,42,46,0,5,4,4,1,0.203377,closer
4,14,19,42,46,0,4,15,-1,0,-1,farther
4,14,26,42,46,0,4,2,-1,0,-1,farther
4,14,27,42,46,0,4,5,-1,0,-1,farther
4,14,28,42,46,0,17,4,4,1,0.204238,closer
4,14,34,42,46,0,4,1,-1,0,-1,farther
4,14,36,42,46,0,4,15,-1,0,-1,farther
4,15,3,42,46,0,9,7,7,1,0.13983,closer
4,15,12,42,46,0,5,7,7,1,0.141062,closer
4,15,18,42,46,0,7,8,-1,0,-1,farther
4,15,25,42,46,0,7,14,-1,0,-1,farther
4,15,26,42,46,0,4,7,7,1,0.141693,closer
4,15,30,42,46,0,5,7,7,1,0.142504,closer
4,15,36,42,46,0,4,7,7,1,0.143175,closer
4,16,8,42,46,0,6,0,0,1,0.27156,closer
4,16,15,42,46,0,0,15,-1,0,-1,farther
4,16,43,42,46,0,6,0,0,1,0.307809,closer
4,18,16,42,46,0,6,17,-1,0,-1,farther
4,19,24,42,46,0,16,2,-1,0,-1,farther
4,19,28,42,46,0,4,16,16,1,0.335667,closer
4,19,47,42,46,0,16,2,-1,0,-1,farther
5,0,12,42,47,0,3,15,15,1,0.351809,closer
5,0,24,42,47,0,15,5,-1,0,-1,farther
5,0,29,42,47,0,7,15,15,1,0.353071,closer
5,0,44,42,47,0,15,5,-1,0,-1,farther
5,1,2,42,47,0,19,9,9,1,0.303373,closer
5,1,3,42,47,0,9,7,-1,0,-1,farther
5,1,8,42,47,0,19,9,9,1,0.304645,closer
5,1,25,42,47,0,19,9,9,1,0.305376,closer
5,1,26,42,47,0,19,9,9,1,0.306157,closer
5,1,38,42,47,0,9,7,-1,0,-1,farther
5,1,47,42,47,0,19,9,9,1,0.306898,closer
5,1,49,42,47,0,9,1,-1,0,-1,farther
5,2,4,42,47,0,4,17,-1,0,-1,farther
5,2,13,42,47,0,4,17,-1,0,-1,farther
5,2,16,42,47,0,4,17,-1,0,-1,farther
5,2,18,42,47,0,4,5,-1,0,-1,farther
5,2,21,42,47,0,6,4,4,1,0.140101,closer
5,2,23,42,47,0,6,4,4,1,0.141193,closer
5,2,36,42,47,0,6,4,4,1,0.142124,closer
5,2,37,42,47,0,4,17,-1,0,-1,farther
5,2,39,42,47,0,4,5,-1,0,-1,farther
5,2,41,42,47,0,4,5,-1,0,-1,farther
5,2,45,42,47,0,4,17,-1,0,-1,farther
5,3,3,42,47,0,9,0,0,1,0.260204,closer
5,3,27,42,47,0,0,17,-1,0,-1,farther
5,3,28,42,47,0,19,0,0,1,0.261927,closer
5,3,30,42,47,0,0,10,-1,0,-1,farther
5,3,42,42,47,0,0,17,-1,0,-1,farther
5,3,49,42,47,0,9,0,0,1,0.263178,closer
5,4,9,42,47,0,8,15,-1,0,-1,farther
5,5,0,42,47,0,5,15,15,1,0.146259,closer
5,5,12,42,47,0,15,3,-1,0,-1,farther
5,5,13,42,47,0,4,15,15,1,0.147591,closer
5,5,18,42,47,0,4,15,15,1,0.148602,closer
5,5,24,42,47,0,15,15,15,1,0.149544,closer
5,5,29,42,47,0,15,7,-1,0,-1,farther
5,5,39,42,47,0,4,15,15,1,0.150345,closer
5,5,44,42,47,0,15,5,-1,0,-1,farther
5,6,10,42,47,0,3,6,-1,0,-1,farther
5,6,43,42,47,0,3,6,-1,0,-1,farther
5,6,46,42,47,0,11,3,3,1,0.127975,closer
5,7,13,42,47,0,15,14,14,1,0.116999,closer
5,7,14,42,47,0,14,15,-1,0,-1,farther
5,8,23,42,47,0,4,12,12,1,0.132521,closer
5,8,28,42,47,0,0,12,12,1,0.133712,closer
5,8,32,42,47,0,12,6,-1,0,-1,farther
5,9,7,42,47,0,11,3,-1,0,-1,farther
5,9,11,42,47,0,11,11,11,1,0.137948,closer
5,9,17,42,47,0,11,2,-1,0,-1,farther
5,10,26,42,47,0,9,2,2,1,0.137427,closer
5,10,44,42,47,0,15,2,2,1,0.162191,closer
5,11,33,42,47,0,7,0,-1,0,-1,farther
5,12,4,42,47,0,4,14,-1,0,-1,farther
5,12,11,42,47,0,11,4,4,1,0.287072,closer
5,12,16,42,47,0,4,14,-1,0,-1,farther
5,12,17,42,47,0,11,4,4,1,0.575976,closer
5,12,21,42,47,0,4,3,-1,0,-1,farther
5,12,36,42,47,0,4,6,-1,0,-1,farther
5,12,37,42,47,0,4,14,-1,0,-1,farther
5,12,41,42,47,0,4,2,-1,0,-1,farther
5,12,45,42,47,0,4,14,-1,0,-1,farther
5,13,13,42,47,0,14,14,14,1,0.144026,closer
5,13,14,42,47,0,14,15,-1,0,-1,farther
5,13,16,42,47,0,4,14,14,1,0.165415,closer
5,13,18,42,47,0,15,14,14,1,0.196067,closer
5,13,39,42,47,0,15,14,14,1,0.196728,closer
5,13,41,42,47,0,4,14,14,1,0.197529,closer
5,14,0,42,47,0,15,5,-1,0,-1,farther
5,14,11,42,47,0,4,15,15,1,0.214623,closer
5,14,12,42,47,0,15,18,-1,0,-1,farther
5,14,17,42,47,0,4,15,15,1,0.215695,closer
5,14,24,42,47,0,15,14,-1,0,-1,farther
5,14,29,42,47,0,15,12,-1,0,-1,farther
5,15,0,42,47,0,15,5,-1,0,-1,farther
5,15,11,42,47,0,15,4,-1,0,-1,farther
5,15,12,42,47,0,15,18,-1,0,-1,farther
5,15,17,42,47,0,15,4,-1,0,-1,farther
5,15,18,42,47,0,14,15,15,1,0.137597,closer
5,15,24,42,47,0,15,14,-1,0,-1,farther
5,15,29,42,47,0,15,12,-1,0,-1,farther
5,15,39,42,47,0,14,15,15,1,0.138659,closer
5,15,41,42,47,0,14,15,15,1,0.13966,closer
5,17,26,42,47,0,2,9,-1,0,-1,farther
5,17,44,42,47,0,2,15,-1,0,-1,farther
5,18,2,42,47,0,9,18,-1,0,-1,closer
5,18,26,42,47,0,2,18,-1,0,-1,closer
5,19,9,42,47,0,8,7,-1,0,-1,farther
6,0,8,42,48,0,11,19,19,1,0.121886,closer
6,0,19,42,48,0,19,9,-1,0,-1,farther
6,0,29,42,48,0,13,19,19,1,0.141843,closer
6,0,46,42,48,0,11,19,19,1,0.167268,closer
6,0,47,42,48,0,14,19,19,1,0.168019,closer
6,1,18,42,48,0,11,9,9,1,0.583986,closer
6,1,39,42,48,0,11,9,9,1,0.585618,closer
6,1,42,42,48,0,5,9,9,1,0.586529,closer
6,2,18,42,48,0,9,11,-1,0,-1,farther
6,2,20,42,48,0,11,9,9,1,0.385525,closer
6,2,39,42,48,0,9,11,-1,0,-1,farther
6,2,42,42,48,0,9,5,-1,0,-1,farther
6,2,47,42,48,0,19,9,9,1,0.386677,closer
6,2,49,42,48,0,12,9,9,1,0.387568,closer
6,3,3,42,48,0,12,9,-1,0,-1,farther
6,3,9,42,48,0,12,9,-1,0,-1,farther
6,3,11,42,48,0,12,4,-1,0,-1,farther
6,3,12,42,48,0,12,2,-1,0,-1,farther
6,3,16,42,48,0,12,4,-1,0,-1,farther
6,3,22,42,48,0,12,2,-1,0,-1,farther
6,3,33,42,48,0,12,9,-1,0,-1,farther
6,3,34,42,48,0,12,2,-1,0,-1,farther
6,4,4,42,48,0,7,15,15,1,2.46585,closer
6,4,24,42,48,0,3,15,15,1,2.46762,closer
6,4,25,42,48,0,15,10,-1,0,-1,farther
6,4,32,42,48,0,3,15,15,1,2.46876,closer
6,4,45,42,48,0,1,15,15,1,2.47033,closer
6,5,33,42,48,0,12,7,7,1,0.122777,closer
6,5,47,42,48,0,9,7,7,1,0.123849,closer
6,5,49,42,48,0,9,7,7,1,0.12446,closer
6,6,28,42,48,0,4,18,18,1,0.131399,closer
6,6,36,42,48,0,18,6,-1,0,-1,farther
6,6,48,42,48,0,18,1,-1,0,-1,farther
6,7,3,42,48,0,12,13,13,1,0.137688,closer
6,7,9,42,48,0,12,13,13,1,0.13913,closer
6,7,33,42,48,0,7,13,13,1,0.139941,closer
6,8,0,42,48,0,2,4,4,1,0.132761,closer
6,8,18,42,48,0,9,4,4,1,0.167529,closer
6,8,37,42,48,0,4,18,-1,0,-1,farther
6,8,39,42,48,0,9,4,4,1,0.16861,closer
6,8,41,42,48,0,4,18,-1,0,-1,farther
6,9,2,42,48,0,2,16,-1,0,-1,farther
6,9,10,42,48,0,2,0,-1,0,-1,farther
6,9,17,42,48,0,2,4,-1,0,-1,farther
6,9,23,42,48,0,16,2,2,1,0.833566,closer
6,9,26,42,48,0,2,0,-1,0,-1,farther
6,10,1,42,48,0,14,6,-1,0,-1,farther
6,10,21,42,48,0,3,14,14,1,0.130547,closer
6,12,20,42,48,0,9,7,-1,0,-1,farther
6,12,32,42,48,0,15,9,9,1,0.135765,closer
6,12,42,42,48,0,9,4,-1,0,-1,farther
6,13,8,42,48,0,19,11,-1,0,-1,farther
6,13,19,42,48,0,19,8,-1,0,-1,farther
6,13,29,42,48,0,19,19,-1,0,-1,farther
6,13,46,42,48,0,19,11,-1,0,-1,farther
6,13,47,42,48,0,7,19,19,1,0.145699,closer
6,15,3,42,48,0,13,7,-1,0,-1,farther
6,15,9,42,48,0,13,7,-1,0,-1,farther
6,15,29,42,48,0,19,13,13,1,0.118552,closer
6,15,33,42,48,0,13,7,-1,0,-1,farther
6,16,8,42,48,0,19,11,-1,0,-1,farther
6,16,19,42,48,0,19,2,-1,0,-1,farther
6,16,27,42,48,0,1,19,19,1,0.320747,closer
6,16,46,42,48,0,19,11,-1,0,-1,farther
6,16,47,42,48,0,19,13,-1,0,-1,farther
6,17,2,42,48,0,2,17,-1,0,-1,closer
6,17,5,42,48,0,16,17,-1,0,-1,closer
6,17,10,42,48,0,2,17,-1,0,-1,closer
6,17,26,42,48,0,2,17,-1,0,-1,closer
6,17,31,42,48,0,0,17,-1,0,-1,closer
6,17,38,42,48,0,17,3,-1,0,-1,farther
6,18,4,42,48,0,15,14,-1,0,-1,farther
6,18,11,42,48,0,12,15,-1,0,-1,closer
6,18,16,42,48,0,12,15,-1,0,-1,closer
6,18,24,42,48,0,15,3,-1,0,-1,farther
6,18,25,42,48,0,15,8,-1,0,-1,farther
6,18,28,42,48,0,18,15,-1,0,-1,closer
6,18,37,42,48,0,4,15,-1,0,-1,closer
6,18,45,42,48,0,15,9,-1,0,-1,farther
6,19,4,42,48,0,15,14,-1,0,-1,farther
6,19,24,42,48,0,15,15,-1,0,-1,closer
6,19,25,42,48,0,15,8,-1,0,-1,farther
6,19,30,42,48,0,0,15,-1,0,-1,closer
6,19,32,42,48,0,9,15,-1,0,-1,closer
6,19,45,42,48,0,15,9,-1,0,-1,farther
7,0,12,42,49,0,16,14,-1,0,-1,farther
7,0,20,42,49,0,16,11,-1,0,-1,farther
7,0,32,42,49,0,16,14,-1,0,-1,farther
7,0,44,42,49,0,16,5,-1,0,-1,farther
7,1,2,42,49,0,4,6,6,1,0.186684,closer
7,1,10,42,49,0,4,6,6,1,0.188066,closer
7,1,34,42,49,0,4,6,6,1,0.188957,closer
7,1,42,42,49,0,9,6,6,1,0.189899,closer
7,2,3,42,49,0,0,13,13,1,0.13924,closer
7,2,11,42,49,0,0,13,13,1,0.178153,closer
7,2,18,42,49,0,13,9,-1,0,-1,farther
7,2,22,42,49,0,0,13,13,1,0.179245,closer
7,2,28,42,49,0,13,12,-1,0,-1,farther
7,2,35,42,49,0,13,12,-1,0,-1,farther
7,2,39,42,49,0,13,13,-1,0,-1,farther
7,2,48,42,49,0,0,13,13,1,0.180236,closer
7,3,7,42,49,0,7,3,-1,0,-1,farther
7,3,34,42,49,0,6,7,7,1,0.211558,closer
7,3,38,42,49,0,7,3,-1,0,-1,farther
7,4,12,42,49,0,16,14,-1,0,-1,farther
7,4,20,42,49,0,16,16,-1,0,-1,farther
7,4,32,42,49,0,16,14,-1,0,-1,farther
7,4,44,42,49,0,16,5,-1,0,-1,farther
7,5,17,42,49,0,1,3,3,1,0.138098,closer
7,5,19,42,49,0,3,18,-1,0,-1,farther
7,5,30,42,49,0,1,3,3,1,0.165526,closer
7,5,31,42,49,0,3,8,-1,0,-1,farther
7,5,43,42,49,0,3,18,-1,0,-1,farther
7,6,9,42,49,0,19,14,14,1,0.210286,closer
7,6,17,42,49,0,3,14,14,1,0.237784,closer
7,6,30,42,49,0,3,14,14,1,0.26401,closer
7,6,37,42,49,0,1,14,14,1,0.301591,closer
7,6,47,42,49,0,1,14,14,1,0.303063,closer
7,7,4,42,49,0,9,10,-1,0,-1,farther
7,7,26,42,49,0,19,9,9,1,0.133692,closer
7,7,29,42,49,0,9,10,-1,0,-1,farther
7,8,24,42,49,0,0,1,1,1,0.24976,closer
7,9,1,42,49,0,0,13,-1,0,-1,farther
7,9,33,42,49,0,0,1,-1,0,-1,farther
7,9,36,42,49,0,0,13,-1,0,-1,farther
7,10,14,42,49,0,5,8,-1,0,-1,farther
7,10,15,42,49,0,2,5,5,1,0.302612,closer
7,11,5,42,49,0,8,16,16,1,0.120524,closer
7,11,12,42,49,0,16,9,-1,0,-1,farther
7,11,20,42,49,0,16,11,-1,0,-1,farther
7,11,32,42,49,0,16,9,-1,0,-1,farther
7,11,44,42,49,0,16,8,-1,0,-1,farther
7,12,14,42,49,0,5,8,-1,0,-1,farther
7,12,15,42,49,0,5,2,-1,0,-1,farther
7,13,0,42,49,0,4,10,10,1,0.135865,closer
7,13,18,42,49,0,13,10,10,1,0.137187,closer
7,14,41,42,49,0,15,17,-1,0,-1,farther
7,14,46,42,49,0,15,5,-1,0,-1,farther
7,15,5,42,49,0,16,8,-1,0,-1,farther
7,15,12,42,49,0,16,9,-1,0,-1,farther
7,15,16,42,49,0,18,16,16,1,0.134373,closer
7,15,19,42,49,0,3,16,16,1,0.135564,closer
7,15,20,42,49,0,16,11,-1,0,-1,farther
7,15,32,42,49,0,16,9,-1,0,-1,farther
7,15,44,42,49,0,16,8,-1,0,-1,farther
7,16,26,42,49,0,9,3,3,1,0.128034,closer
7,16,31,42,49,0,3,8,-1,0,-1,farther
7,16,43,42,49,0,3,18,-1,0,-1,farther
7,17,7,42,49,0,7,8,-1,0,-1,farther
7,17,34,42,49,0,7,0,-1,0,-1,farther
7,17,38,42,49,0,7,7,-1,0,-1,farther
7,17,41,42,49,0,15,7,7,1,0.312005,closer
7,18,9,42,49,0,14,14,14,1,0.140902,closer
7,18,17,42,49,0,14,19,-1,0,-1,farther
7,18,30,42,49,0,14,19,-1,0,-1,farther
7,18,37,42,49,0,14,1,-1,0,-1,farther
7,18,47,42,49,0,14,14,-1,0,-1,farther
7,19,2,42,49,0,6,4,-1,0,-1,farther
7,19,10,42,49,0,6,10,-1,0,-1,farther
7,19,13,42,49,0,17,6,-1,0,-1,closer
7,19,25,42,49,0,17,6,-1,0,-1,closer
7,19,42,42,49,0,6,10,-1,0,-1,farther
8,0,4,42,50,0,0,2,-1,0,-1,farther
8,0,5,42,50,0,15,0,0,1,0.439309,closer
8,0,6,42,50,0,0,8,-1,0,-1,farther
8,0,16,42,50,0,10,0,0,1,0.448722,closer
8,0,40,42,50,0,0,2,-1,0,-1,farther
8,1,13,42,50,0,9,6,6,1,0.138769,closer
8,1,33,42,50,0,9,6,6,1,0.299278,closer
8,1,41,42,50,0,9,6,6,1,0.300349,closer
8,1,45,42,50,0,13,6,6,1,0.30112,closer
8,1,49,42,50,0,6,3,-1,0,-1,farther
8,2,14,42,50,0,4,7,7,1,0.122947,closer
8,2,15,42,50,0,7,3,-1,0,-1,farther
8,2,38,42,50,0,7,11,-1,0,-1,farther
8,3,7,42,50,0,4,3,-1,0,-1,farther
8,3,14,42,50,0,7,4,4,1,0.13146,closer
8,3,21,42,50,0,4,4,-1,0,-1,farther
8,3,23,42,50,0,4,10,-1,0,-1,farther
8,3,25,42,50,0,4,3,-1,0,-1,farther
8,4,2,42,50,0,10,0,-1,0,-1,farther
8,4,3,42,50,0,10,0,-1,0,-1,farther
8,4,9,42,50,0,10,0,-1,0,-1,farther
8,4,19,42,50,0,12,10,10,1,0.230555,closer
8,4,20,42,50,0,10,0,-1,0,-1,farther
8,4,27,42,50,0,12,10,10,1,0.269498,closer
8,4,35,42,50,0,10,0,-1,0,-1,farther
8,4,39,42,50,0,10,0,-1,0,-1,farther
8,5,4,42,50,0,0,2,-1,0,-1,farther
8,5,5,42,50,0,0,15,-1,0,-1,farther
8,5,6,42,50,0,0,8,-1,0,-1,farther
8,5,14,42,50,0,4,0,0,1,0.136406,closer
8,5,16,42,50,0,0,15,-1,0,-1,farther
8,5,21,42,50,0,4,0,0,1,0.137267,closer
8,5,40,42,50,0,0,2,-1,0,-1,farther
8,6,9,42,50,0,10,16,16,1,0.281904,closer
8,6,12,42,50,0,16,17,-1,0,-1,farther
8,6,16,42,50,0,0,16,16,1,0.575314,closer
8,6,42,42,50,0,16,17,-1,0,-1,farther
8,7,2,42,50,0,10,16,-1,0,-1,farther
8,7,3,42,50,0,10,10,-1,0,-1,farther
8,7,19,42,50,0,10,12,-1,0,-1,farther
8,7,20,42,50,0,10,16,-1,0,-1,farther
8,7,23,42,50,0,4,10,10,1,0.133432,closer
8,7,27,42,50,0,10,12,-1,0,-1,farther
8,7,35,42,50,0,10,10,-1,0,-1,farther
8,7,39,42,50,0,10,16,-1,0,-1,farther
8,8,40,42,50,0,0,14,14,1,0.137588,closer
8,8,47,42,50,0,14,5,-1,0,-1,farther
8,9,10,42,50,0,9,19,-1,0,-1,farther
8,9,44,42,50,0,8,9,9,1,0.140942,closer
8,9,46,42,50,0,9,19,-1,0,-1,farther
8,10,10,42,50,0,9,15,15,1,0.195106,closer
8,10,13,42,50,0,6,15,15,1,0.196067,closer
8,10,22,42,50,0,15,2,-1,0,-1,farther
8,11,10,42,50,0,15,19,-1,0,-1,farther
8,11,13,42,50,0,15,6,-1,0,-1,farther
8,11,22,42,50,0,15,2,-1,0,-1,farther
8,11,45,42,50,0,6,15,15,1,0.149023,closer
8,12,31,42,50,0,12,17,-1,0,-1,farther
8,13,33,42,50,0,6,15,-1,0,-1,farther
8,13,41,42,50,0,6,15,-1,0,-1,farther
8,13,49,42,50,0,6,3,-1,0,-1,farther
8,14,8,42,50,0,8,12,12,1,0.146981,closer
8,14,31,42,50,0,12,17,-1,0,-1,farther
8,15,0,42,50,0,2,5,-1,0,-1,farther
8,15,27,42,50,0,10,2,2,1,0.332734,closer
8,15,44,42,50,0,9,2,2,1,0.333685,closer
8,16,28,42,50,0,17,2,-1,0,-1,farther
8,16,46,42,50,0,9,17,17,1,0.93907,closer
8,16,48,42,50,0,17,2,-1,0,-1,farther
8,17,26,42,50,0,8,12,-1,0,-1,farther
8,17,34,42,50,0,8,12,-1,0,-1,farther
8,17,36,42,50,0,8,12,-1,0,-1,farther
8,17,49,42,50,0,6,8,8,1,0.320046,closer
8,18,9,42,50,0,16,6,-1,0,-1,farther
8,18,12,42,50,0,16,17,-1,0,-1,farther
8,18,16,42,50,0,16,6,-1,0,-1,farther
8,18,42,42,50,0,16,15,-1,0,-1,farther
8,19,4,42,50,0,0,11,11,1,0.141093,closer
8,19,6,42,50,0,0,11,11,1,0.142144,closer
8,19,36,42,50,0,8,11,11,1,0.142995,closer
9,0,38,42,51,0,5,17,17,1,0.408647,closer
9,0,49,42,51,0,17,17,17,1,0.409749,closer
9,1,8,42,51,0,16,16,16,1,0.128145,closer
9,1,11,42,51,0,16,16,16,1,0.15365,closer
9,1,16,42,51,0,16,18,-1,0,-1,farther
9,1,29,42,51,0,5,16,16,1,0.19081,closer
9,1,33,42,51,0,16,16,16,1,0.191752,closer
9,1,39,42,51,0,16,16,16,1,0.192683,closer
9,2,5,42,51,0,5,1,1,1,0.3671,closer
9,2,19,42,51,0,1,18,-1,0,-1,farther
9,2,22,42,51,0,13,1,1,1,0.368652,closer
9,2,29,42,51,0,16,1,1,1,0.369764,closer
9,2,30,42,51,0,1,18,-1,0,-1,farther
9,2,31,42,51,0,1,18,-1,0,-1,farther
9,2,40,42,51,0,1,18,-1,0,-1,farther
9,2,41,42,51,0,13,1,1,1,0.370625,closer
9,2,42,42,51,0,6,1,1,1,0.371426,closer
9,2,43,42,51,0,1,18,-1,0,-1,farther
9,2,47,42,51,0,5,1,1,1,0.372117,closer
9,3,8,42,51,0,16,13,13,1,0.141232,closer
9,3,11,42,51,0,16,13,13,1,0.142664,closer
9,3,12,42,51,0,13,4,-1,0,-1,farther
9,3,14,42,51,0,13,4,-1,0,-1,farther
9,3,15,42,51,0,13,4,-1,0,-1,farther
9,3,28,42,51,0,13,1,-1,0,-1,farther
9,3,33,42,51,0,16,13,13,1,0.143445,closer
9,3,36,42,51,0,13,5,-1,0,-1,farther
9,3,39,42,51,0,16,13,13,1,0.144376,closer
9,4,5,42,51,0,1,5,-1,0,-1,farther
9,4,12,42,51,0,13,1,1,1,0.148673,closer
9,4,15,42,51,0,13,1,1,1,0.149754,closer
9,4,19,42,51,0,1,18,-1,0,-1,farther
9,4,20,42,51,0,4,1,1,1,0.150605,closer
9,4,22,42,51,0,1,5,-1,0,-1,farther
9,4,27,42,51,0,2,1,1,1,0.151456,closer
9,4,29,42,51,0,1,13,-1,0,-1,farther
9,4,30,42,51,0,1,18,-1,0,-1,farther
9,4,31,42,51,0,1,18,-1,0,-1,farther
9,4,37,42,51,0,4,1,1,1,0.152167,closer
9,4,40,42,51,0,1,18,-1,0,-1,farther
9,4,41,42,51,0,1,5,-1,0,-1,farther
9,4,42,42,51,0,1,6,-1,0,-1,farther
9,4,43,42,51,0,1,18,-1,0,-1,farther
9,4,47,42,51,0,1,5,-1,0,-1,farther
9,5,0,42,51,0,6,9,-1,0,-1,farther
9,5,5,42,51,0,1,6,6,1,0.155812,closer
9,5,29,42,51,0,1,6,6,1,0.157254,closer
9,5,42,42,51,0,1,6,6,1,0.158086,closer
9,7,1,42,51,0,11,12,-1,0,-1,farther
9,7,7,42,51,0,19,11,11,1,0.137337,closer
9,7,10,42,51,0,11,12,-1,0,-1,farther
9,7,23,42,51,0,19,11,11,1,0.162762,closer
9,7,36,42,51,0,13,11,11,1,0.190409,closer
9,8,0,42,51,0,6,15,15,1,0.122717,closer
9,8,46,42,51,0,15,14,-1,0,-1,farther
9,9,1,42,51,0,11,12,-1,0,-1,farther
9,9,7,42,51,0,11,19,-1,0,-1,farther
9,9,10,42,51,0,11,12,-1,0,-1,farther
9,9,23,42,51,0,11,19,-1,0,-1,farther
9,9,36,42,51,0,11,19,-1,0,-1,farther
9,9,49,42,51,0,17,11,11,1,0.138609,closer
9,10,24,42,51,0,18,5,5,1,0.134503,closer
9,11,8,42,51,0,13,16,-1,0,-1,farther
9,11,11,42,51,0,13,16,-1,0,-1,farther
9,11,14,42,51,0,13,1,-1,0,-1,farther
9,11,28,42,51,0,13,1,-1,0,-1,farther
9,11,33,42,51,0,13,16,-1,0,-1,farther
9,11,39,42,51,0,13,16,-1,0,-1,farther
9,11,42,42,51,0,6,13,13,1,0.417519,closer
9,12,16,42,51,0,16,18,-1,0,-1,farther
9,13,5,42,51,0,6,13,-1,0,-1,farther
9,13,24,42,51,0,5,6,6,1,1.51807,closer
9,13,29,42,51,0,6,13,-1,0,-1,farther
9,13,30,42,51,0,1,6,6,1,1.51985,closer
9,13,31,42,51,0,1,6,6,1,1.52095,closer
9,13,40,42,51,0,1,6,6,1,1.52182,closer
9,14,20,42,51,0,1,9,9,1,0.160719,closer
9,14,25,42,51,0,4,9,9,1,0.19049,closer
9,14,26,42,51,0,9,7,-1,0,-1,farther
9,15,5,42,51,0,6,13,-1,0,-1,farther
9,15,8,42,51,0,13,6,6,1,0.190981,closer
9,15,24,42,51,0,6,5,-1,0,-1,farther
9,15,29,42,51,0,6,6,-1,0,-1,farther
9,15,30,42,51,0,6,18,-1,0,-1,farther
9,15,31,42,51,0,6,18,-1,0,-1,farther
9,15,39,42,51,0,13,6,6,1,0.192253,closer
9,15,40,42,51,0,6,18,-1,0,-1,farther
9,17,6,42,51,0,18,18,-1,0,-1,farther
9,17,30,42,51,0,6,18,18,1,0.331452,closer
9,17,40,42,51,0,6,18,18,1,0.332694,closer
9,17,44,42,51,0,18,18,-1,0,-1,farther
9,17,48,42,51,0,18,3,-1,0,-1,farther
9,18,38,42,51,0,17,6,-1,0,-1,farther
9,19,6,42,51,0,18,7,7,1,0.288133,closer
9,19,9,42,51,0,7,16,-1,0,-1,farther
9,19,48,42,51,0,18,7,7,1,0.289245,closer
10,0,3,42,52,0,4,7,7,1,0.400616,closer
10,0,25,42,52,0,7,16,-1,0,-1,farther
10,0,34,42,52,0,7,1,-1,0,-1,farther
10,0,35,42,52,0,7,19,-1,0,-1,farther
10,0,37,42,52,0,7,16,-1,0,-1,farther
10,0,47,42,52,0,7,2,-1,0,-1,farther
10,1,2,42,52,0,3,0,-1,0,-1,farther
10,1,22,42,52,0,3,11,-1,0,-1,farther
10,1,29,42,52,0,9,3,3,1,0.253636,closer
10,2,1,42,52,0,19,18,18,1,0.16138,closer
10,2,4,42,52,0,18,10,-1,0,-1,farther
10,2,7,42,52,0,19,18,18,1,0.162642,closer
10,2,9,42,52,0,19,18,18,1,0.163623,closer
10,2,22,42,52,0,3,18,18,1,0.164254,closer
10,2,49,42,52,0,18,6,-1,0,-1,farther
10,3,6,42,52,0,15,5,-1,0,-1,farther
10,3,26,42,52,0,11,15,15,1,0.217767,closer
10,3,38,42,52,0,11,15,15,1,0.219059,closer
10,3,41,42,52,0,11,15,15,1,0.2203,closer
10,3,48,42,52,0,15,5,-1,0,-1,farther
10,4,0,42,52,0,5,7,-1,0,-1,farther
10,4,27,42,52,0,5,4,-1,0,-1,farther
10,4,28,42,52,0,5,10,-1,0,-1,farther
10,5,46,42,52,0,13,3,-1,0,-1,farther
10,6,10,42,52,0,4,7,-1,0,-1,farther
10,6,14,42,52,0,4,6,-1,0,-1,farther
10,6,16,42,52,0,4,10,-1,0,-1,farther
10,6,21,42,52,0,4,5,-1,0,-1,farther
10,7,0,42,52,0,5,7,-1,0,-1,farther
10,7,24,42,52,0,0,5,5,1,0.135916,closer
10,7,27,42,52,0,5,7,-1,0,-1,farther
10,7,28,42,52,0,5,10,-1,0,-1,farther
10,7,30,42,52,0,0,5,5,1,0.168099,closer
10,7,49,42,52,0,18,5,5,1,0.169091,closer
10,8,15,42,52,0,19,18,-1,0,-1,farther
10,8,32,42,52,0,19,16,-1,0,-1,farther
10,9,3,42,52,0,7,10,-1,0,-1,farther
10,9,22,42,52,0,18,7,7,1,0.145599,closer
10,9,25,42,52,0,7,13,-1,0,-1,farther
10,9,26,42,52,0,15,7,7,1,0.170903,closer
10,9,34,42,52,0,7,1,-1,0,-1,farther
10,9,35,42,52,0,7,18,-1,0,-1,farther
10,9,37,42,52,0,7,13,-1,0,-1,farther
10,9,38,42,52,0,15,7,7,1,0.201826,closer
10,9,41,42,52,0,15,7,7,1,0.203017,closer
10,9,47,42,52,0,7,4,-1,0,-1,farther
10,10,12,42,52,0,8,6,6,1,0.262468,closer
10,10,33,42,52,0,6,5,-1,0,-1,farther
10,10,42,42,52,0,8,6,6,1,0.291297,closer
10,11,8,42,52,0,1,10,10,1,0.208224,closer
10,12,8,42,52,0,10,1,-1,0,-1,farther
10,12,32,42,52,0,19,10,10,1,0.140591,closer
10,13,18,42,52,0,16,13,-1,0,-1,farther
10,13,23,42,52,0,16,14,-1,0,-1,farther
10,13,36,42,52,0,17,16,16,1,0.144957,closer
10,13,45,42,52,0,16,14,-1,0,-1,farther
10,14,12,42,52,0,6,8,-1,0,-1,farther
10,14,33,42,52,0,6,5,-1,0,-1,farther
10,14,42,42,52,0,6,6,6,1,0.180125,closer
10,15,31,42,52,0,0,12,-1,0,-1,farther
10,16,6,42,52,0,15,19,-1,0,-1,farther
10,16,48,42,52,0,15,19,-1,0,-1,farther
10,17,11,42,52,0,1,8,-1,0,-1,farther
10,17,13,42,52,0,1,8,-1,0,-1,farther
10,17,19,42,52,0,14,1,1,1,1.24067,closer
10,17,20,42,52,0,14,1,1,1,1.24317,closer
10,17,39,42,52,0,1,8,-1,0,-1,farther
10,18,2,42,52,0,3,11,11,1,0.329849,closer
10,18,31,42,52,0,0,11,11,1,0.331141,closer
10,19,46,42,52,0,13,15,-1,0,-1,farther
11,0,9,42,53,0,13,4,4,1,0.389661,closer
11,0,38,42,53,0,13,4,4,1,0.390983,closer
11,1,3,42,53,0,2,16,-1,0,-1,farther
11,1,8,42,53,0,2,16,-1,0,-1,farther
11,1,17,42,53,0,2,5,-1,0,-1,farther
11,1,20,42,53,0,2,5,-1,0,-1,farther
11,1,21,42,53,0,2,0,-1,0,-1,farther
11,1,26,42,53,0,2,16,-1,0,-1,farther
11,1,37,42,53,0,2,5,-1,0,-1,farther
11,2,11,42,53,0,15,18,-1,0,-1,farther
11,2,24,42,53,0,15,11,-1,0,-1,farther
11,2,33,42,53,0,15,1,-1,0,-1,farther
11,2,38,42,53,0,4,15,15,1,0.306307,closer
11,2,41,42,53,0,15,11,-1,0,-1,farther
11,2,46,42,53,0,15,1,-1,0,-1,farther
11,3,7,42,53,0,7,9,-1,0,-1,farther
11,3,18,42,53,0,7,8,-1,0,-1,farther
11,3,20,42,53,0,2,7,7,1,0.660941,closer
11,3,21,42,53,0,2,7,7,1,0.662554,closer
11,3,37,42,53,0,2,7,7,1,0.663235,closer
11,3,40,42,53,0,7,19,-1,0,-1,farther
11,3,49,42,53,0,0,7,7,1,0.664126,closer
11,4,19,42,53,0,6,3,-1,0,-1,farther
11,5,6,42,53,0,1,10,-1,0,-1,farther
11,5,14,42,53,0,3,1,1,1,0.13918,closer
11,5,19,42,53,0,6,1,1,1,0.341245,closer
11,5,28,42,53,0,1,18,-1,0,-1,farther
11,5,45,42,53,0,1,18,-1,0,-1,farther
11,6,15,42,53,0,17,0,-1,0,-1,farther
11,6,25,42,53,0,17,0,-1,0,-1,farther
11,7,28,42,53,0,1,13,13,1,1.01122,closer
11,7,35,42,53,0,13,12,-1,0,-1,farther
11,7,46,42,53,0,15,13,13,1,1.01265,closer
11,8,5,42,53,0,16,11,-1,0,-1,farther
11,8,22,42,53,0,16,5,-1,0,-1,farther
11,8,31,42,53,0,16,5,-1,0,-1,farther
11,9,0,42,53,0,9,13,-1,0,-1,farther
11,9,2,42,53,0,9,12,-1,0,-1,farther
11,9,10,42,53,0,9,3,-1,0,-1,farther
11,9,23,42,53,0,9,8,-1,0,-1,farther
11,9,27,42,53,0,9,12,-1,0,-1,farther
11,9,29,42,53,0,19,9,9,1,0.38841,closer
11,10,6,42,53,0,1,10,-1,0,-1,farther
11,10,14,42,53,0,1,3,-1,0,-1,farther
11,10,19,42,53,0,1,3,-1,0,-1,farther
11,10,45,42,53,0,1,13,-1,0,-1,farther
11,11,28,42,53,0,13,18,-1,0,-1,farther
11,11,35,42,53,0,13,12,-1,0,-1,farther
11,11,36,42,53,0,19,13,13,1,0.130778,closer
11,11,46,42,53,0,13,18,-1,0,-1,farther
11,12,1,42,53,0,5,5,-1,0,-1,farther
11,12,3,42,53,0,2,5,5,1,0.14682,closer
11,12,5,42,53,0,16,5,5,1,0.147851,closer
11,12,8,42,53,0,2,5,5,1,0.148712,closer
11,12,22,42,53,0,16,5,5,1,0.149583,closer
11,12,26,42,53,0,2,5,5,1,0.150385,closer
11,12,31,42,53,0,16,5,5,1,0.151326,closer
11,13,17,42,53,0,2,7,-1,0,-1,farther
11,14,4,42,53,0,14,11,-1,0,-1,farther
11,14,7,42,53,0,7,14,14,1,0.928366,closer
11,14,18,42,53,0,7,14,14,1,0.929567,closer
11,15,6,42,53,0,1,2,2,1,0.173096,closer
11,15,17,42,53,0,2,7,-1,0,-1,farther
11,16,0,42,53,0,9,15,15,1,0.534098,closer
11,16,11,42,53,0,15,18,-1,0,-1,farther
11,16,24,42,53,0,15,2,-1,0,-1,farther
11,16,33,42,53,0,15,2,-1,0,-1,farther
11,16,38,42,53,0,15,16,-1,0,-1,farther
11,16,41,42,53,0,15,5,-1,0,-1,farther
11,17,14,42,53,0,1,3,-1,0,-1,farther
11,17,19,42,53,0,1,3,-1,0,-1,farther
11,17,45,42,53,0,1,2,-1,0,-1,farther
11,18,14,42,53,0,1,3,-1,0,-1,farther
11,18,19,42,53,0,1,3,-1,0,-1,farther
11,18,45,42,53,0,1,2,-1,0,-1,farther
11,19,30,42,53,0,12,10,10,1,0.546135,closer
11,19,43,42,53,0,10,7,-1,0,-1,farther
11,19,48,42,53,0,12,10,10,1,0.547787,closer
12,0,6,42,54,0,18,18,18,1,0.50645,closer
12,1,1,42,54,0,15,15,-1,0,-1,farther
12,1,5,42,54,0,15,15,-1,0,-1,farther
12,1,15,42,54,0,15,15,-1,0,-1,farther
12,1,18,42,54,0,15,15,-1,0,-1,farther
12,1,24,42,54,0,16,15,15,1,0.153299,closer
12,1,26,42,54,0,15,15,-1,0,-1,farther
12,1,30,42,54,0,13,15,15,1,0.154541,closer
12,1,34,42,54,0,13,15,15,1,0.155382,closer
12,1,45,42,54,0,15,15,15,1,0.156193,closer
12,1,47,42,54,0,15,6,-1,0,-1,farther
12,2,9,42,54,0,13,0,-1,0,-1,farther
12,2,17,42,54,0,13,15,-1,0,-1,farther
12,2,29,42,54,0,13,2,-1,0,-1,farther
12,2,39,42,54,0,13,0,-1,0,-1,farther
12,2,43,42,54,0,13,2,-1,0,-1,farther
12,3,13,42,54,0,12,12,12,1,0.177292,closer
12,3,23,42,54,0,0,12,12,1,0.178343,closer
12,3,24,42,54,0,15,12,12,1,0.179185,closer
12,3,25,42,54,0,12,12,12,1,0.179996,closer
12,3,27,42,54,0,0,12,12,1,0.180707,closer
12,3,34,42,54,0,15,12,12,1,0.181588,closer
12,3,39,42,54,0,13,12,12,1,0.182549,closer
12,3,41,42,54,0,0,12,12,1,0.18325,closer
12,3,44,42,54,0,12,12,12,1,0.184061,closer
12,4,10,42,54,0,2,11,11,1,0.877206,closer
12,4,29,42,54,0,13,11,11,1,0.878457,closer
12,4,40,42,54,0,2,11,11,1,0.879178,closer
12,4,49,42,54,0,11,3,-1,0,-1,farther
12,5,4,42,54,0,8,1,-1,0,-1,farther
12,5,13,42,54,0,12,8,8,1,0.134673,closer
12,5,36,42,54,0,8,9,-1,0,-1,farther
12,5,37,42,54,0,8,0,-1,0,-1,farther
12,5,42,42,54,0,8,1,-1,0,-1,farther
12,5,44,42,54,0,12,8,8,1,0.135855,closer
12,6,9,42,54,0,13,1,1,1,0.153909,closer
12,6,17,42,54,0,13,1,1,1,0.155161,closer
12,6,27,42,54,0,12,1,1,1,0.156012,closer
12,6,29,42,54,0,11,1,1,1,0.156793,closer
12,6,33,42,54,0,1,9,-1,0,-1,farther
12,6,37,42,54,0,8,1,1,1,0.157715,closer
12,6,39,42,54,0,12,1,1,1,0.158586,closer
12,6,40,42,54,0,11,1,1,1,0.159387,closer
12,7,16,42,54,0,17,7,-1,0,-1,farther
12,7,33,42,54,0,1,17,17,1,0.115147,closer
12,8,7,42,54,0,16,1,1,1,0.430306,closer
12,8,9,42,54,0,1,12,-1,0,-1,farther
12,8,17,42,54,0,1,12,-1,0,-1,farther
12,8,27,42,54,0,1,12,-1,0,-1,farther
12,8,29,42,54,0,1,11,-1,0,-1,farther
12,8,37,42,54,0,1,0,-1,0,-1,farther
12,8,39,42,54,0,1,12,-1,0,-1,farther
12,8,40,42,54,0,1,11,-1,0,-1,farther
12,9,0,42,54,0,2,11,-1,0,-1,farther
12,9,24,42,54,0,12,2,2,1,0.129667,closer
12,9,34,42,54,0,12,2,2,1,0.130689,closer
12,10,11,42,54,0,9,5,-1,0,-1,farther
12,10,14,42,54,0,9,4,-1,0,-1,farther
12,10,31,42,54,0,14,9,9,1,0.263059,closer
12,10,32,42,54,0,6,9,9,1,0.26435,closer
12,10,35,42,54,0,6,9,9,1,0.265562,closer
12,10,48,42,54,0,14,9,9,1,0.266393,closer
12,11,16,42,54,0,17,7,-1,0,-1,farther
12,11,33,42,54,0,17,18,-1,0,-1,farther
12,12,21,42,54,0,4,14,-1,0,-1,farther
12,12,28,42,54,0,4,5,-1,0,-1,farther
12,13,0,42,54,0,2,11,-1,0,-1,farther
12,13,2,42,54,0,6,2,2,1,0.318154,closer
12,13,24,42,54,0,2,12,-1,0,-1,farther
12,13,34,42,54,0,2,12,-1,0,-1,farther
12,13,47,42,54,0,15,2,2,1,0.319315,closer
12,14,23,42,54,0,12,13,13,1,0.885968,closer
12,14,25,42,54,0,12,13,13,1,0.88738,closer
12,14,39,42,54,0,1,13,13,1,0.888161,closer
12,14,41,42,54,0,12,13,13,1,0.889543,closer
12,14,43,42,54,0,13,17,-1,0,-1,farther
12,15,6,42,54,0,18,13,13,1,0.567634,closer
12,15,23,42,54,0,13,12,-1,0,-1,farther
12,15,25,42,54,0,13,12,-1,0,-1,farther
12,15,39,42,54,0,13,12,-1,0,-1,farther
12,15,41,42,54,0,13,12,-1,0,-1,farther
12,15,43,42,54,0,13,17,-1,0,-1,farther
12,16,0,42,54,0,2,2,-1,0,-1,farther
12,16,2,42,54,0,2,6,-1,0,-1,farther
12,16,24,42,54,0,2,12,-1,0,-1,farther
12,16,34,42,54,0,2,12,-1,0,-1,farther
12,16,47,42,54,0,2,6,-1,0,-1,farther
12,17,2,42,54,0,2,3,3,1,0.295353,closer
12,17,19,42,54,0,3,7,-1,0,-1,farther
12,17,22,42,54,0,3,7,-1,0,-1,farther
12,17,26,42,54,0,15,3,3,1,0.296945,closer
12,17,47,42,54,0,2,3,3,1,0.297846,closer
12,18,0,42,54,0,2,11,-1,0,-1,farther
12,18,2,42,54,0,3,2,2,1,0.1394,closer
12,18,20,42,54,0,14,2,2,1,0.140411,closer
12,18,24,42,54,0,2,12,-1,0,-1,farther
12,18,31,42,54,0,9,2,2,1,0.141282,closer
12,18,32,42,54,0,9,2,2,1,0.142003,closer
12,18,34,42,54,0,2,12,-1,0,-1,farther
12,18,35,42,54,0,9,2,2,1,0.142995,closer
12,18,48,42,54,0,9,2,2,1,0.143666,closer
12,19,12,42,54,0,0,10,-1,0,-1,farther
12,19,38,42,54,0,0,10,-1,0,-1,farther
12,19,46,42,54,0,0,12,-1,0,-1,farther
13,0,20,42,55,0,6,0,0,1,0.532746,closer
13,0,21,42,55,0,6,0,0,1,0.533828,closer
13,0,23,42,55,0,5,0,0,1,0.534539,closer
13,0,25,42,55,0,0,3,-1,0,-1,farther
13,0,40,42,55,0,0,6,-1,0,-1,farther
13,0,45,42,55,0,0,6,-1,0,-1,farther
13,2,8,42,55,0,12,9,9,1,0.458335,closer
13,2,9,42,55,0,9,11,-1,0,-1,farther
13,2,12,42,55,0,11,9,9,1,0.484931,closer
13,2,38,42,55,0,11,9,9,1,0.524154,closer
13,2,42,42,55,0,9,0,-1,0,-1,farther
13,3,25,42,55,0,0,19,19,1,0.149694,closer
13,3,45,42,55,0,0,19,19,1,0.172785,closer
13,4,19,42,55,0,10,15,-1,0,-1,farther
13,4,22,42,55,0,10,8,-1,0,-1,farther
13,4,23,42,55,0,0,10,10,1,0.181147,closer
13,4,39,42,55,0,10,8,-1,0,-1,farther
13,4,46,42,55,0,10,15,-1,0,-1,farther
13,5,3,42,55,0,14,18,-1,0,-1,farther
13,6,4,42,55,0,1,18,-1,0,-1,farther
13,6,13,42,55,0,11,1,1,1,0.127914,closer
13,6,37,42,55,0,1,18,-1,0,-1,farther
13,6,42,42,55,0,9,1,1,1,0.150304,closer
13,6,48,42,55,0,11,1,1,1,0.17619,closer
13,7,3,42,55,0,14,18,-1,0,-1,farther
13,7,6,42,55,0,17,14,14,1,0.35924,closer
13,7,42,42,55,0,1,14,14,1,0.360332,closer
13,8,11,42,55,0,5,17,17,1,0.162211,closer
13,8,44,42,55,0,17,1,-1,0,-1,farther
13,8,47,42,55,0,17,1,-1,0,-1,farther
13,9,0,42,55,0,16,17,-1,0,-1,farther
13,9,14,42,55,0,13,16,16,1,0.151887,closer
13,9,25,42,55,0,19,16,16,1,0.152948,closer
13,10,4,42,55,0,1,18,-1,0,-1,farther
13,10,13,42,55,0,1,11,-1,0,-1,farther
13,10,24,42,55,0,5,1,1,1,0.149063,closer
13,10,31,42,55,0,13,1,1,1,0.172495,closer
13,10,37,42,55,0,1,18,-1,0,-1,farther
13,10,48,42,55,0,1,11,-1,0,-1,farther
13,11,15,42,55,0,6,6,6,1,1.20922,closer
13,11,17,42,55,0,6,6,-1,0,-1,farther
13,11,29,42,55,0,6,6,6,1,1.21035,closer
13,11,34,42,55,0,6,6,-1,0,-1,farther
13,11,41,42,55,0,6,6,-1,0,-1,farther
13,11,45,42,55,0,19,6,6,1,1.21119,closer
13,13,8,42,55,0,9,12,-1,0,-1,farther
13,13,9,42,55,0,9,11,-1,0,-1,farther
13,13,12,42,55,0,9,11,-1,0,-1,farther
13,13,36,42,55,0,15,9,9,1,0.650947,closer
13,13,38,42,55,0,9,11,-1,0,-1,farther
13,14,8,42,55,0,9,17,17,1,0.281874,closer
13,14,11,42,55,0,17,5,-1,0,-1,farther
13,14,12,42,55,0,9,17,17,1,0.304435,closer
13,14,33,42,55,0,12,17,17,1,0.333454,closer
13,14,38,42,55,0,9,17,17,1,0.334355,closer
13,14,44,42,55,0,17,14,-1,0,-1,farther
13,14,47,42,55,0,17,17,-1,0,-1,farther
13,15,16,42,55,0,7,12,-1,0,-1,farther
13,15,22,42,55,0,10,7,7,1,0.267375,closer
13,15,39,42,55,0,10,7,7,1,0.293981,closer
13,16,8,42,55,0,17,19,19,1,0.208765,closer
13,16,33,42,55,0,17,19,19,1,0.210016,closer
13,16,43,42,55,0,12,19,19,1,0.210867,closer
13,17,5,42,55,0,18,9,-1,0,-1,farther
13,18,2,42,55,0,4,2,-1,0,-1,farther
13,18,30,42,55,0,4,2,-1,0,-1,farther
13,18,49,42,55,0,4,13,-1,0,-1,farther
13,19,11,42,55,0,17,5,-1,0,-1,farther
13,19,12,42,55,0,17,11,-1,0,-1,farther
13,19,17,42,55,0,6,17,17,1,0.796806,closer
13,19,38,42,55,0,17,19,-1,0,-1,farther
13,19,44,42,55,0,17,14,-1,0,-1,farther
13,19,47,42,55,0,17,4,-1,0,-1,farther
14,0,9,42,56,0,14,3,-1,0,-1,farther
14,0,39,42,56,0,4,14,14,1,0.652913,closer
14,1,10,42,56,0,6,16,-1,0,-1,farther
14,1,14,42,56,0,6,5,-1,0,-1,farther
14,1,28,42,56,0,6,5,-1,0,-1,farther
14,1,32,42,56,0,12,6,6,1,0.200263,closer
14,1,40,42,56,0,7,6,6,1,0.201945,closer
14,2,7,42,56,0,11,0,-1,0,-1,farther
14,2,13,42,56,0,10,11,11,1,0.321889,closer
14,2,21,42,56,0,11,7,-1,0,-1,farther
14,2,30,42,56,0,11,7,-1,0,-1,farther
14,2,36,42,56,0,11,7,-1,0,-1,farther
14,2,47,42,56,0,11,7,-1,0,-1,farther
14,3,11,42,56,0,13,3,3,1,0.124009,closer
14,3,15,42,56,0,3,9,-1,0,-1,farther
14,3,16,42,56,0,17,3,3,1,0.12501,closer
14,3,22,42,56,0,18,3,3,1,0.126062,closer
14,3,33,42,56,0,3,9,-1,0,-1,farther
14,3,49,42,56,0,3,9,-1,0,-1,farther
14,4,26,42,56,0,4,8,8,1,1.26617,closer
14,4,38,42,56,0,4,8,8,1,1.26907,closer
14,4,41,42,56,0,8,6,-1,0,-1,farther
14,4,44,42,56,0,8,1,-1,0,-1,farther
14,5,8,42,56,0,5,12,-1,0,-1,farther
14,5,24,42,56,0,5,9,-1,0,-1,farther
14,5,48,42,56,0,5,12,-1,0,-1,farther
14,6,19,42,56,0,13,3,-1,0,-1,farther
14,7,8,42,56,0,5,12,-1,0,-1,farther
14,7,24,42,56,0,5,9,-1,0,-1,farther
14,7,48,42,56,0,5,12,-1,0,-1,farther
14,8,0,42,56,0,1,2,-1,0,-1,farther
14,8,4,42,56,0,1,2,-1,0,-1,farther
14,8,37,42,56,0,1,2,-1,0,-1,farther
14,9,0,42,56,0,1,5,5,1,0.193794,closer
14,9,4,42,56,0,1,5,5,1,0.195116,closer
14,9,8,42,56,0,5,12,-1,0,-1,farther
14,9,24,42,56,0,5,9,-1,0,-1,farther
14,9,41,42,56,0,8,5,5,1,0.195947,closer
14,9,44,42,56,0,8,5,5,1,0.197078,closer
14,9,48,42,56,0,5,12,-1,0,-1,farther
14,10,6,42,56,0,15,1,-1,0,-1,farther
14,10,27,42,56,0,15,1,-1,0,-1,farther
14,10,29,42,56,0,16,15,15,1,0.43227,closer
14,12,6,42,56,0,15,1,-1,0,-1,farther
14,12,27,42,56,0,15,1,-1,0,-1,farther
14,12,29,42,56,0,15,16,-1,0,-1,farther
14,14,3,42,56,0,16,8,-1,0,-1,farther
14,14,25,42,56,0,16,17,-1,0,-1,farther
14,14,27,42,56,0,15,16,16,1,0.297705,closer
14,14,34,42,56,0,16,14,-1,0,-1,farther
14,14,42,42,56,0,16,8,-1,0,-1,farther
14,14,46,42,56,0,16,14,-1,0,-1,farther
14,15,5,42,56,0,0,3,3,1,0.46977,closer
14,15,11,42,56,0,3,2,-1,0,-1,farther
14,15,15,42,56,0,3,7,-1,0,-1,farther
14,15,16,42,56,0,3,0,-1,0,-1,farther
14,15,21,42,56,0,11,3,3,1,0.471412,closer
14,15,22,42,56,0,3,18,-1,0,-1,farther
14,15,23,42,56,0,0,3,3,1,0.472464,closer
14,15,33,42,56,0,3,7,-1,0,-1,farther
14,15,40,42,56,0,6,3,3,1,0.473355,closer
14,15,49,42,56,0,3,7,-1,0,-1,farther
14,16,8,42,56,0,5,14,14,1,0.33723,closer
14,16,9,42,56,0,14,16,-1,0,-1,farther
14,16,39,42,56,0,14,4,-1,0,-1,farther
14,17,26,42,56,0,8,4,-1,0,-1,farther
14,17,38,42,56,0,8,4,-1,0,-1,farther
14,18,1,42,56,0,9,12,-1,0,-1,farther
14,18,18,42,56,0,9,12,-1,0,-1,farther
14,18,20,42,56,0,9,7,-1,0,-1,farther
14,18,28,42,56,0,6,9,9,1,0.305086,closer
14,18,43,42,56,0,9,9,9,1,0.306207,closer
14,19,37,42,56,0,1,5,-1,0,-1,farther
15,0,2,42,57,0,14,4,4,1,0.226989,closer
15,0,31,42,57,0,4,19,-1,0,-1,farther
15,0,38,42,57,0,4,14,-1,0,-1,farther
15,0,45,42,57,0,14,4,4,1,0.228021,closer
15,1,6,42,57,0,7,0,-1,0,-1,farther
15,1,8,42,57,0,7,0,-1,0,-1,farther
15,1,22,42,57,0,7,0,-1,0,-1,farther
15,1,31,42,57,0,4,7,7,1,0.142014,closer
15,1,34,42,57,0,7,18,-1,0,-1,farther
15,1,37,42,57,0,7,16,-1,0,-1,farther
15,1,39,42,57,0,7,0,-1,0,-1,farther
15,1,41,42,57,0,7,0,-1,0,-1,farther
15,1,44,42,57,0,19,7,7,1,0.143266,closer
15,2,4,42,57,0,0,0,0,1,0.152328,closer
15,2,21,42,57,0,0,17,-1,0,-1,farther
15,2,34,42,57,0,7,0,0,1,0.153299,closer
15,2,43,42,57,0,17,0,0,1,0.15404,closer
15,3,10,42,57,0,1,9,9,1,0.162742,closer
15,3,25,42,57,0,1,9,9,1,0.187065,closer
15,3,29,42,57,0,9,5,-1,0,-1,farther
15,4,4,42,57,0,0,17,-1,0,-1,farther
15,4,21,42,57,0,0,17,-1,0,-1,farther
15,4,34,42,57,0,0,18,-1,0,-1,farther
15,4,35,42,57,0,8,0,0,1,0.811406,closer
15,4,43,42,57,0,0,17,-1,0,-1,farther
15,5,4,42,57,0,0,17,-1,0,-1,farther
15,5,21,42,57,0,0,17,-1,0,-1,farther
15,5,31,42,57,0,7,0,0,1,0.174487,closer
15,5,34,42,57,0,0,18,-1,0,-1,farther
15,5,35,42,57,0,0,8,-1,0,-1,farther
15,5,43,42,57,0,0,17,-1,0,-1,farther
15,5,44,42,57,0,7,0,0,1,0.175749,closer
15,7,9,42,57,0,15,13,-1,0,-1,farther
15,7,42,42,57,0,15,2,-1,0,-1,farther
15,7,47,42,57,0,15,2,-1,0,-1,farther
15,9,10,42,57,0,9,1,-1,0,-1,farther
15,9,25,42,57,0,9,1,-1,0,-1,farther
15,9,29,42,57,0,9,5,-1,0,-1,farther
15,10,19,42,57,0,6,18,-1,0,-1,farther
15,10,23,42,57,0,6,18,-1,0,-1,farther
15,10,24,42,57,0,6,3,-1,0,-1,farther
15,10,32,42,57,0,6,18,-1,0,-1,farther
15,10,37,42,57,0,7,6,6,1,0.230585,closer
15,10,49,42,57,0,6,3,-1,0,-1,farther
15,11,1,42,57,0,13,2,2,1,0.136002,closer
15,12,3,42,57,0,13,17,17,1,0.281735,closer
15,13,12,42,57,0,19,10,-1,0,-1,farther
15,13,15,42,57,0,19,10,-1,0,-1,farther
15,13,25,42,57,0,9,19,19,1,0.224831,closer
15,14,4,42,57,0,0,15,-1,0,-1,farther
15,14,6,42,57,0,7,0,0,1,0.124053,closer
15,14,21,42,57,0,0,0,-1,0,-1,farther
15,14,31,42,57,0,0,7,-1,0,-1,farther
15,14,34,42,57,0,0,0,0,1,0.125296,closer
15,14,35,42,57,0,0,8,-1,0,-1,farther
15,14,43,42,57,0,0,15,-1,0,-1,farther
15,14,44,42,57,0,0,7,-1,0,-1,farther
15,15,0,42,57,0,3,17,-1,0,-1,farther
15,15,7,42,57,0,3,11,-1,0,-1,farther
15,15,16,42,57,0,3,13,-1,0,-1,farther
15,15,18,42,57,0,3,12,-1,0,-1,farther
15,15,26,42,57,0,3,11,-1,0,-1,farther
15,15,28,42,57,0,3,17,-1,0,-1,farther
15,15,30,42,57,0,3,11,-1,0,-1,farther
15,15,37,42,57,0,6,3,3,1,0.543213,closer
15,15,48,42,57,0,3,11,-1,0,-1,farther
15,16,1,42,57,0,2,7,-1,0,-1,closer
15,16,8,42,57,0,7,0,-1,0,-1,farther
15,16,22,42,57,0,7,0,-1,0,-1,farther
15,16,39,42,57,0,7,0,-1,0,-1,farther
15,16,41,42,57,0,7,0,-1,0,-1,farther
15,17,2,42,57,0,4,0,-1,0,-1,closer
15,17,4,42,57,0,0,15,-1,0,-1,farther
15,17,6,42,57,0,0,15,-1,0,-1,farther
15,17,21,42,57,0,0,15,-1,0,-1,farther
15,17,31,42,57,0,0,9,-1,0,-1,farther
15,17,34,42,57,0,0,18,-1,0,-1,farther
15,17,35,42,57,0,0,8,-1,0,-1,farther
15,17,43,42,57,0,0,15,-1,0,-1,farther
15,17,44,42,57,0,0,9,-1,0,-1,farther
15,18,0,42,57,0,3,17,-1,0,-1,closer
15,18,3,42,57,0,17,13,-1,0,-1,farther
15,18,16,42,57,0,3,17,-1,0,-1,closer
15,19,29,42,57,0,9,8,-1,0,-1,closer
16,0,1,42,58,0,16,10,-1,0,-1,farther
16,0,22,42,58,0,16,10,-1,0,-1,farther
16,0,34,42,58,0,16,10,-1,0,-1,farther
16,1,18,42,58,0,19,17,17,1,0.24524,closer
16,2,0,42,58,0,3,0,0,1,0.345747,closer
16,2,4,42,58,0,0,16,-1,0,-1,farther
16,2,6,42,58,0,18,0,0,1,0.34714,closer
16,2,20,42,58,0,18,0,0,1,0.348092,closer
16,2,21,42,58,0,0,0,-1,0,-1,farther
16,2,27,42,58,0,18,0,0,1,0.349105,closer
16,2,33,42,58,0,18,0,0,1,0.350297,closer
16,2,44,42,58,0,18,0,0,1,0.35131,closer
16,3,5,42,58,0,12,4,4,1,0.240949,closer
16,4,9,42,58,0,3,19,19,1,0.232428,closer
16,4,10,42,58,0,3,19,19,1,0.233922,closer
16,4,36,42,58,0,19,17,-1,0,-1,farther
16,4,43,42,58,0,19,17,-1,0,-1,farther
16,4,45,42,58,0,19,17,-1,0,-1,farther
16,5,23,42,58,0,7,3,-1,0,-1,farther
16,5,24,42,58,0,7,14,-1,0,-1,farther
16,5,28,42,58,0,7,8,-1,0,-1,farther
16,5,40,42,58,0,7,14,-1,0,-1,farther
16,6,8,42,58,0,3,9,9,1,0.612557,closer
16,6,9,42,58,0,19,9,9,1,0.614231,closer
16,6,10,42,58,0,19,9,9,1,0.615143,closer
16,6,16,42,58,0,9,11,-1,0,-1,farther
16,6,31,42,58,0,3,9,9,1,0.616296,closer
16,6,36,42,58,0,19,9,9,1,0.617789,closer
16,6,38,42,58,0,9,11,-1,0,-1,farther
16,6,43,42,58,0,19,9,9,1,0.618852,closer
16,6,46,42,58,0,9,8,-1,0,-1,farther
16,7,8,42,58,0,9,19,19,1,0.180817,closer
16,7,10,42,58,0,9,19,19,1,0.181928,closer
16,7,27,42,58,0,0,19,19,1,0.183,closer
16,7,31,42,58,0,9,19,19,1,0.183911,closer
16,7,45,42,58,0,19,17,-1,0,-1,farther
16,8,3,42,58,0,2,3,-1,0,-1,farther
16,9,0,42,58,0,0,3,-1,0,-1,farther
16,9,4,42,58,0,0,16,-1,0,-1,farther
16,9,6,42,58,0,0,19,-1,0,-1,farther
16,9,13,42,58,0,12,0,0,1,5.56192,closer
16,9,20,42,58,0,0,18,-1,0,-1,farther
16,9,21,42,58,0,0,18,-1,0,-1,farther
16,9,33,42,58,0,0,18,-1,0,-1,farther
16,9,44,42,58,0,0,18,-1,0,-1,farther
16,10,3,42,58,0,2,3,-1,0,-1,farther
16,10,7,42,58,0,14,2,2,1,0.963954,closer
16,10,16,42,58,0,9,2,2,1,0.965947,closer
16,10,46,42,58,0,9,2,2,1,0.967158,closer
16,11,23,42,58,0,7,3,3,1,0.180906,closer
16,11,25,42,58,0,3,3,-1,0,-1,farther
16,11,39,42,58,0,3,19,-1,0,-1,farther
16,11,47,42,58,0,6,3,3,1,0.182168,closer
16,12,2,42,58,0,11,2,-1,0,-1,farther
16,12,12,42,58,0,6,11,11,1,0.224006,closer
16,12,35,42,58,0,6,11,11,1,0.225247,closer
16,12,37,42,58,0,6,11,11,1,0.226179,closer
16,13,36,42,58,0,9,14,14,1,0.178384,closer
16,13,43,42,58,0,9,14,14,1,0.179866,closer
16,13,45,42,58,0,19,14,14,1,0.180797,closer
16,13,49,42,58,0,14,6,-1,0,-1,farther
16,14,8,42,58,0,19,9,-1,0,-1,farther
16,14,10,42,58,0,19,9,-1,0,-1,farther
16,14,27,42,58,0,19,18,-1,0,-1,farther
16,14,29,42,58,0,5,19,19,1,2.04415,closer
16,14,31,42,58,0,19,9,-1,0,-1,farther
16,15,5,42,58,0,4,3,-1,0,-1,farther
16,15,6,42,58,0,0,4,4,1,0.150385,closer
16,15,27,42,58,0,19,4,4,1,0.151607,closer
16,16,33,42,58,0,0,8,8,1,0.136967,closer
16,16,44,42,58,0,0,8,8,1,0.137978,closer
16,17,4,42,58,0,0,9,-1,0,-1,closer
16,17,9,42,58,0,9,14,-1,0,-1,farther
16,17,38,42,58,0,9,2,-1,0,-1,farther
16,18,3,42,58,0,2,16,-1,0,-1,farther
16,18,7,42,58,0,2,19,-1,0,-1,farther
16,18,12,42,58,0,11,2,-1,0,-1,closer
16,18,15,42,58,0,13,2,-1,0,-1,closer
16,18,16,42,58,0,2,19,-1,0,-1,farther
16,18,30,42,58,0,13,2,-1,0,-1,closer
16,18,35,42,58,0,11,2,-1,0,-1,closer
16,18,46,42,58,0,2,19,-1,0,-1,farther
16,19,15,42,58,0,13,2,-1,0,-1,farther
16,19,30,42,58,0,13,2,-1,0,-1,farther
16,19,32,42,58,0,13,7,-1,0,-1,farther
16,19,48,42,58,0,13,2,-1,0,-1,farther
17,0,0,42,59,0,1,18,18,1,0.164744,closer
17,0,4,42,59,0,18,19,-1,0,-1,farther
17,0,22,42,59,0,1,18,18,1,0.165726,closer
17,0,24,42,59,0,16,18,18,1,0.166687,closer
17,0,25,42,59,0,18,19,-1,0,-1,farther
17,0,35,42,59,0,7,18,18,1,0.167648,closer
17,0,47,42,59,0,12,18,18,1,0.16858,closer
17,0,49,42,59,0,18,19,-1,0,-1,farther
17,1,3,42,59,0,16,18,-1,0,-1,farther
17,1,16,42,59,0,16,16,-1,0,-1,farther
17,1,30,42,59,0,9,16,16,1,0.189829,closer
17,2,31,42,59,0,7,4,4,1,2.83476,closer
17,2,38,42,59,0,4,12,-1,0,-1,farther
17,3,25,42,59,0,18,11,11,1,0.794293,closer
17,3,36,42,59,0,11,17,-1,0,-1,farther
17,3,41,42,59,0,11,17,-1,0,-1,farther
17,3,49,42,59,0,18,11,11,1,0.795574,closer
17,4,5,42,59,0,12,12,-1,0,-1,farther
17,4,11,42,59,0,12,12,-1,0,-1,farther
17,4,14,42,59,0,12,12,-1,0,-1,farther
17,4,28,42,59,0,12,18,-1,0,-1,farther
17,4,34,42,59,0,12,8,-1,0,-1,farther
17,5,34,42,59,0,12,7,7,1,0.178583,closer
17,6,20,42,59,0,0,9,9,1,2.27039,closer
17,6,23,42,59,0,9,9,9,1,2.27237,closer
17,6,33,42,59,0,0,9,9,1,2.27327,closer
17,6,44,42,59,0,0,9,9,1,2.27438,closer
17,7,42,42,59,0,19,11,-1,0,-1,farther
17,7,43,42,59,0,19,11,-1,0,-1,farther
17,7,48,42,59,0,19,11,-1,0,-1,farther
17,8,3,42,59,0,16,5,5,1,0.388279,closer
17,8,9,42,59,0,5,2,-1,0,-1,farther
17,8,13,42,59,0,5,0,-1,0,-1,farther
17,8,15,42,59,0,5,2,-1,0,-1,farther
17,8,39,42,59,0,5,2,-1,0,-1,farther
17,8,40,42,59,0,5,19,-1,0,-1,farther
17,8,45,42,59,0,5,2,-1,0,-1,farther
17,8,47,42,59,0,18,5,5,1,0.389481,closer
17,9,2,42,59,0,8,7,-1,0,-1,farther
17,9,18,42,59,0,8,7,-1,0,-1,farther
17,9,26,42,59,0,8,4,-1,0,-1,farther
17,10,10,42,59,0,1,15,15,1,0.229203,closer
17,10,27,42,59,0,15,6,-1,0,-1,farther
17,11,23,42,59,0,9,10,10,1,0.131269,closer
17,12,0,42,59,0,18,18,-1,0,-1,farther
17,12,4,42,59,0,18,11,-1,0,-1,farther
17,12,18,42,59,0,8,18,18,1,0.205329,closer
17,12,22,42,59,0,18,18,-1,0,-1,farther
17,12,24,42,59,0,18,5,-1,0,-1,farther
17,12,35,42,59,0,18,18,18,1,0.206591,closer
17,13,1,42,59,0,17,9,-1,0,-1,farther
17,13,12,42,59,0,17,12,-1,0,-1,farther
17,13,19,42,59,0,17,12,-1,0,-1,farther
17,14,0,42,59,0,18,14,14,1,0.41796,closer
17,14,6,42,59,0,14,9,-1,0,-1,farther
17,14,29,42,59,0,14,9,-1,0,-1,farther
17,14,35,42,59,0,18,14,14,1,0.452647,closer
17,15,0,42,59,0,14,12,12,1,0.221372,closer
17,15,5,42,59,0,12,8,-1,0,-1,farther
17,15,11,42,59,0,12,7,-1,0,-1,farther
17,15,14,42,59,0,12,7,-1,0,-1,farther
17,15,18,42,59,0,18,12,12,1,0.222493,closer
17,15,22,42,59,0,18,12,12,1,0.223485,closer
17,15,28,42,59,0,12,5,-1,0,-1,farther
17,15,35,42,59,0,14,12,12,1,0.224186,closer
17,16,2,42,59,0,8,14,-1,0,-1,farther
17,16,3,42,59,0,5,8,8,1,0.421294,closer
17,16,24,42,59,0,18,8,8,1,0.45439,closer
17,16,26,42,59,0,8,18,-1,0,-1,farther
17,17,2,42,59,0,8,14,-1,0,-1,farther
17,17,3,42,59,0,8,8,-1,0,-1,farther
17,17,24,42,59,0,8,5,-1,0,-1,farther
17,17,26,42,59,0,8,18,-1,0,-1,farther
17,18,1,42,59,0,17,9,-1,0,-1,farther
17,18,12,42,59,0,17,8,-1,0,-1,farther
17,18,19,42,59,0,17,8,-1,0,-1,farther
17,19,16,42,59,0,16,10,-1,0,-1,farther
17,19,30,42,59,0,16,13,-1,0,-1,farther
17,19,37,42,59,0,2,16,-1,0,-1,closer
18,0,28,42,60,0,9,13,-1,0,-1,farther
18,0,39,42,60,0,9,13,-1,0,-1,farther
18,1,28,42,60,0,9,13,-1,0,-1,farther
18,1,29,42,60,0,4,9,9,1,1.0812,closer
18,1,39,42,60,0,9,13,-1,0,-1,farther
18,2,2,42,60,0,10,12,-1,0,-1,farther
18,2,3,42,60,0,10,12,-1,0,-1,farther
18,2,23,42,60,0,8,10,10,1,0.20523,closer
18,2,26,42,60,0,1,10,10,1,0.206942,closer
18,2,33,42,60,0,5,10,10,1,0.208164,closer
18,3,1,42,60,0,1,19,19,1,0.144868,closer
18,3,6,42,60,0,5,19,19,1,0.145839,closer
18,3,8,42,60,0,5,19,19,1,0.14653,closer
18,3,10,42,60,0,1,19,19,1,0.147191,closer
18,3,24,42,60,0,19,17,-1,0,-1,farther
18,3,33,42,60,0,10,19,19,1,0.148152,closer
18,3,46,42,60,0,1,19,19,1,0.148933,closer
18,4,7,42,60,0,18,18,18,1,0.118682,closer
18,4,27,42,60,0,3,18,18,1,0.119674,closer
18,4,31,42,60,0,18,12,-1,0,-1,farther
18,4,41,42,60,0,17,18,18,1,0.120405,closer
18,5,9,42,60,0,2,6,-1,0,-1,farther
18,5,18,42,60,0,2,11,-1,0,-1,farther
18,5,19,42,60,0,2,11,-1,0,-1,farther
18,5,30,42,60,0,3,2,2,1,0.159097,closer
18,5,36,42,60,0,2,11,-1,0,-1,farther
18,5,38,42,60,0,2,5,-1,0,-1,farther
18,5,47,42,60,0,14,2,2,1,0.160249,closer
18,6,30,42,60,0,2,16,16,1,0.36695,closer
18,6,43,42,60,0,3,16,16,1,0.368172,closer
18,7,12,42,60,0,7,8,-1,0,-1,farther
18,7,20,42,60,0,7,0,-1,0,-1,farther
18,8,36,42,60,0,2,13,13,1,0.166838,closer
18,9,38,42,60,0,2,17,17,1,0.147731,closer
18,9,45,42,60,0,17,9,-1,0,-1,farther
18,11,16,42,60,0,8,1,1,1,0.275936,closer
18,11,17,42,60,0,15,1,1,1,0.277458,closer
18,11,23,42,60,0,10,1,1,1,0.27845,closer
18,11,26,42,60,0,10,1,1,1,0.279251,closer
18,12,7,42,60,0,18,12,12,1,0.459426,closer
18,12,13,42,60,0,12,7,-1,0,-1,farther
18,12,21,42,60,0,12,7,-1,0,-1,farther
18,12,27,42,60,0,18,12,12,1,0.460518,closer
18,13,7,42,60,0,12,4,4,1,0.397602,closer
18,14,1,42,60,0,19,5,-1,0,-1,farther
18,14,6,42,60,0,19,5,-1,0,-1,farther
18,14,8,42,60,0,19,5,-1,0,-1,farther
18,14,10,42,60,0,19,5,-1,0,-1,farther
18,14,24,42,60,0,19,18,-1,0,-1,farther
18,14,33,42,60,0,19,10,-1,0,-1,farther
18,14,46,42,60,0,19,5,-1,0,-1,farther
18,15,7,42,60,0,4,12,-1,0,-1,farther
18,15,15,42,60,0,8,4,4,1,0.158787,closer
18,15,16,42,60,0,1,4,4,1,0.159998,closer
18,15,23,42,60,0,1,4,4,1,0.160709,closer
18,15,28,42,60,0,9,4,4,1,0.161641,closer
18,17,4,42,60,0,0,15,-1,0,-1,farther
18,17,37,42,60,0,0,14,-1,0,-1,farther
18,17,40,42,60,0,0,14,-1,0,-1,farther
18,18,2,42,60,0,10,7,-1,0,-1,farther
18,18,3,42,60,0,10,3,-1,0,-1,farther
18,18,15,42,60,0,4,10,10,1,0.915317,closer
18,18,28,42,60,0,4,10,10,1,0.916799,closer
18,19,1,42,60,0,19,0,-1,0,-1,farther
18,19,6,42,60,0,19,0,-1,0,-1,farther
18,19,8,42,60,0,19,0,-1,0,-1,farther
18,19,10,42,60,0,19,0,-1,0,-1,farther
18,19,15,42,60,0,10,19,-1,0,-1,closer
18,19,24,42,60,0,19,11,-1,0,-1,farther
18,19,28,42,60,0,10,19,-1,0,-1,closer
18,19,33,42,60,0,19,0,-1,0,-1,farther
18,19,46,42,60,0,19,0,-1,0,-1,farther
19,0,16,42,61,0,11,1,-1,0,-1,farther
19,0,18,42,61,0,2,11,11,1,0.151267,closer
19,0,46,42,61,0,11,4,-1,0,-1,farther
19,1,7,42,61,0,14,17,17,1,10.3441,closer
19,1,24,42,61,0,14,17,17,1,10.3454,closer
19,1,33,42,61,0,8,17,17,1,10.3465,closer
19,2,3,42,61,0,18,15,15,1,0.303925,closer
19,2,13,42,61,0,15,2,-1,0,-1,farther
19,2,19,42,61,0,18,15,15,1,0.305016,closer
19,2,21,42,61,0,18,15,15,1,0.305797,closer
19,2,25,42,61,0,18,15,15,1,0.306598,closer
19,2,42,42,61,0,18,15,15,1,0.307269,closer
19,2,47,42,61,0,18,15,15,1,0.30803,closer
19,2,49,42,61,0,15,1,-1,0,-1,farther
19,3,10,42,61,0,14,10,-1,0,-1,farther
19,3,44,42,61,0,14,17,-1,0,-1,farther
19,3,45,42,61,0,14,10,-1,0,-1,farther
19,3,46,42,61,0,11,14,14,1,0.445377,closer
19,4,12,42,61,0,6,12,-1,0,-1,farther
19,4,14,42,61,0,6,12,-1,0,-1,farther
19,4,23,42,61,0,8,6,6,1,2.22068,closer
19,4,33,42,61,0,17,6,6,1,2.22358,closer
19,4,36,42,61,0,8,6,6,1,2.22454,closer
19,5,6,42,61,0,16,19,-1,0,-1,farther
19,5,40,42,61,0,10,16,16,1,0.470231,closer
19,6,24,42,61,0,17,7,7,1,0.14699,closer
19,6,33,42,61,0,6,7,7,1,0.148492,closer
19,6,35,42,61,0,7,3,-1,0,-1,farther
19,6,37,42,61,0,7,15,-1,0,-1,farther
19,7,5,42,61,0,8,19,19,1,0.128145,closer
19,7,34,42,61,0,8,19,19,1,0.148963,closer
19,7,48,42,61,0,4,19,19,1,0.150305,closer
19,8,5,42,61,0,19,8,-1,0,-1,farther
19,8,34,42,61,0,19,8,-1,0,-1,farther
19,8,48,42,61,0,19,4,-1,0,-1,farther
19,9,1,42,61,0,8,10,10,1,0.172695,closer
19,9,15,42,61,0,8,10,10,1,0.174227,closer
19,9,29,42,61,0,8,10,10,1,0.175188,closer
19,9,46,42,61,0,14,10,10,1,0.17633,closer
19,10,17,42,61,0,1,2,-1,0,-1,farther
19,10,31,42,61,0,1,2,-1,0,-1,farther
19,11,5,42,61,0,19,2,2,1,1.04342,closer
19,11,8,42,61,0,8,2,2,1,1.04546,closer
19,11,34,42,61,0,19,2,2,1,1.04723,closer
19,11,38,42,61,0,8,2,2,1,1.04846,closer
19,12,1,42,61,0,10,2,-1,0,-1,farther
19,12,15,42,61,0,10,2,-1,0,-1,farther
19,12,27,42,61,0,18,10,10,1,0.356325,closer
19,12,29,42,61,0,10,2,-1,0,-1,farther
19,12,46,42,61,0,10,14,-1,0,-1,farther
19,13,4,42,61,0,0,12,-1,0,-1,farther
19,13,41,42,61,0,13,0,0,1,1.00154,closer
19,13,43,42,61,0,0,16,-1,0,-1,farther
19,14,5,42,61,0,2,6,6,1,0.648804,closer
19,14,11,42,61,0,8,6,6,1,0.650016,closer
19,14,12,42,61,0,6,12,-1,0,-1,farther
19,14,14,42,61,0,6,12,-1,0,-1,farther
19,14,23,42,61,0,6,8,-1,0,-1,farther
19,14,36,42,61,0,6,8,-1,0,-1,farther
19,14,38,42,61,0,2,6,6,1,0.650857,closer
19,15,7,42,61,0,17,7,-1,0,-1,farther
19,15,28,42,61,0,4,17,17,1,0.139751,closer
19,15,30,42,61,0,4,17,17,1,0.140772,closer
19,16,10,42,61,0,14,16,-1,0,-1,farther
19,16,32,42,61,0,13,14,14,1,0.309392,closer
19,16,44,42,61,0,14,7,-1,0,-1,farther
19,16,45,42,61,0,14,16,-1,0,-1,farther
19,17,6,42,61,0,16,13,-1,0,-1,farther
19,17,40,42,61,0,16,12,-1,0,-1,farther
19,17,44,42,61,0,14,16,16,1,0.333975,closer
19,18,4,42,61,0,0,12,-1,0,-1,farther
19,18,41,42,61,0,0,6,-1,0,-1,farther
19,18,43,42,61,0,0,12,-1,0,-1,farther
19,19,3,42,61,0,15,18,-1,0,-1,farther
19,19,13,42,61,0,15,12,-1,0,-1,farther
19,19,15,42,61,0,10,15,15,1,0.213892,closer
19,19,19,42,61,0,15,14,-1,0,-1,farther
19,19,21,42,61,0,15,18,-1,0,-1,farther
19,19,25,42,61,0,15,18,-1,0,-1,farther
19,19,29,42,61,0,10,15,15,1,0.215103,closer
19,19,36,42,61,0,6,15,15,1,0.215934,closer
19,19,42,42,61,0,15,18,-1,0,-1,farther
19,19,47,42,61,0,15,18,-1,0,-1,farther
19,19,49,42,61,0,15,3,-1,0,-1,farther
20,0,10,42,62,0,6,3,3,1,0.146139,closer
20,0,12,42,62,0,3,3,-1,0,-1,farther
20,1,6,42,62,0,9,7,-1,0,-1,farther
20,1,22,42,62,0,9,7,-1,0,-1,farther
20,1,32,42,62,0,9,7,-1,0,-1,farther
20,1,40,42,62,0,9,7,-1,0,-1,farther
20,2,4,42,62,0,1,4,4,1,0.246826,closer
20,2,23,42,62,0,1,4,4,1,0.248318,closer
20,2,31,42,62,0,19,4,4,1,0.24919,closer
20,2,39,42,62,0,4,10,-1,0,-1,farther
20,2,46,42,62,0,1,4,4,1,0.250001,closer
20,2,48,42,62,0,1,4,4,1,0.251443,closer
20,3,5,42,62,0,2,12,-1,0,-1,farther
20,4,0,42,62,0,19,1,1,1,0.278399,closer
20,4,11,42,62,0,1,4,-1,0,-1,farther
20,4,20,42,62,0,1,6,-1,0,-1,farther
20,4,21,42,62,0,1,4,-1,0,-1,farther
20,4,25,42,62,0,19,1,1,1,0.279741,closer
20,4,26,42,62,0,19,1,1,1,0.280472,closer
20,4,28,42,62,0,1,4,-1,0,-1,farther
20,4,33,42,62,0,19,1,1,1,0.281193,closer
20,4,35,42,62,0,19,1,1,1,0.281994,closer
20,4,36,42,62,0,19,1,1,1,0.282765,closer
20,4,42,42,62,0,19,1,1,1,0.283476,closer
20,4,45,42,62,0,1,1,-1,0,-1,farther
20,4,47,42,62,0,1,6,-1,0,-1,farther
20,4,49,42,62,0,1,4,-1,0,-1,farther
20,5,27,42,62,0,8,12,-1,0,-1,farther
20,5,37,42,62,0,8,14,-1,0,-1,farther
20,6,4,42,62,0,4,8,-1,0,-1,farther
20,6,23,42,62,0,4,8,-1,0,-1,farther
20,6,27,42,62,0,8,4,4,1,0.141844,closer
20,6,31,42,62,0,4,19,-1,0,-1,farther
20,6,39,42,62,0,4,10,-1,0,-1,farther
20,6,46,42,62,0,4,1,-1,0,-1,farther
20,6,48,42,62,0,4,1,-1,0,-1,farther
20,7,21,42,62,0,1,6,6,1,1.23012,closer
20,7,26,42,62,0,1,6,6,1,1.23193,closer
20,7,42,42,62,0,1,6,6,1,1.23302,closer
20,7,45,42,62,0,1,6,6,1,1.23433,closer
20,8,0,42,62,0,1,7,7,1,1.63289,closer
20,8,6,42,62,0,9,7,7,1,1.63603,closer
20,8,22,42,62,0,9,7,7,1,1.63747,closer
20,8,32,42,62,0,9,7,7,1,1.63847,closer
20,8,36,42,62,0,1,7,7,1,1.6393,closer
20,8,38,42,62,0,17,7,7,1,1.64053,closer
20,8,40,42,62,0,9,7,7,1,1.64165,closer
20,8,41,42,62,0,11,7,7,1,1.64268,closer
20,9,3,42,62,0,18,5,-1,0,-1,farther
20,9,17,42,62,0,17,18,18,1,0.145348,closer
20,10,5,42,62,0,2,9,9,1,0.708706,closer
20,11,24,42,62,0,11,2,2,1,2.08926,closer
20,12,21,42,62,0,6,1,-1,0,-1,farther
20,12,26,42,62,0,6,1,-1,0,-1,farther
20,12,42,42,62,0,6,1,-1,0,-1,farther
20,12,45,42,62,0,6,1,-1,0,-1,farther
20,13,2,42,62,0,10,6,6,1,0.207734,closer
20,13,21,42,62,0,6,1,-1,0,-1,farther
20,13,26,42,62,0,6,1,-1,0,-1,farther
20,13,34,42,62,0,17,6,6,1,0.209105,closer
20,13,42,42,62,0,6,1,-1,0,-1,farther
20,13,45,42,62,0,6,1,-1,0,-1,farther
20,14,6,42,62,0,7,0,0,1,0.436766,closer
20,14,8,42,62,0,0,14,-1,0,-1,farther
20,14,18,42,62,0,0,3,-1,0,-1,farther
20,14,22,42,62,0,7,0,0,1,0.438228,closer
20,14,32,42,62,0,7,0,0,1,0.439269,closer
20,14,40,42,62,0,7,0,0,1,0.440581,closer
20,14,44,42,62,0,0,3,-1,0,-1,farther
20,15,8,42,62,0,0,10,10,1,0.335027,closer
20,15,29,42,62,0,14,10,10,1,0.336439,closer
20,15,37,42,62,0,8,10,10,1,0.33731,closer
20,15,44,42,62,0,0,10,10,1,0.338091,closer
20,16,1,42,62,0,16,1,1,1,0.53543,closer
20,16,11,42,62,0,1,3,-1,0,-1,farther
20,16,14,42,62,0,16,1,1,1,0.537373,closer
20,16,20,42,62,0,1,3,-1,0,-1,farther
20,16,25,42,62,0,1,19,-1,0,-1,farther
20,16,28,42,62,0,1,8,-1,0,-1,farther
20,16,33,42,62,0,1,19,-1,0,-1,farther
20,16,35,42,62,0,1,19,-1,0,-1,farther
20,16,43,42,62,0,16,1,1,1,0.538504,closer
20,16,47,42,62,0,1,3,-1,0,-1,farther
20,16,49,42,62,0,1,3,-1,0,-1,farther
20,17,44,42,62,0,10,14,14,1,0.312727,closer
20,18,13,42,62,0,17,7,-1,0,-1,farther
20,18,19,42,62,0,17,18,-1,0,-1,farther
20,19,4,42,62,0,4,8,-1,0,-1,farther
20,19,11,42,62,0,1,4,4,1,0.189097,closer
20,19,20,42,62,0,1,4,4,1,0.19071,closer
20,19,23,42,62,0,4,8,-1,0,-1,farther
20,19,27,42,62,0,4,12,-1,0,-1,farther
20,19,31,42,62,0,4,19,-1,0,-1,farther
20,19,39,42,62,0,4,18,-1,0,-1,farther
20,19,46,42,62,0,4,4,-1,0,-1,farther
20,19,48,42,62,0,4,4,-1,0,-1,farther
21,0,10,42,63,0,13,13,-1,0,-1,farther
21,0,11,42,63,0,13,3,-1,0,-1,farther
21,0,19,42,63,0,13,15,-1,0,-1,farther
21,0,21,42,63,0,0,13,13,1,0.162181,closer
21,0,37,42,63,0,13,15,-1,0,-1,farther
21,0,45,42,63,0,13,3,-1,0,-1,farther
21,1,2,42,63,0,8,16,16,1,0.201815,closer
21,1,3,42,63,0,16,5,-1,0,-1,farther
21,1,32,42,63,0,16,19,-1,0,-1,farther
21,1,47,42,63,0,16,11,-1,0,-1,farther
21,2,23,42,63,0,3,14,-1,0,-1,farther
21,2,33,42,63,0,9,3,3,1,0.575104,closer
21,2,34,42,63,0,3,16,-1,0,-1,farther
21,2,42,42,63,0,3,16,-1,0,-1,farther
21,2,49,42,63,0,3,10,-1,0,-1,farther
21,4,28,42,63,0,12,18,18,1,0.307759,closer
21,4,35,42,63,0,9,18,18,1,0.309151,closer
21,4,44,42,63,0,9,18,18,1,0.310002,closer
21,5,1,42,63,0,5,10,-1,0,-1,farther
21,5,8,42,63,0,17,5,5,1,0.181728,closer
21,6,23,42,63,0,3,10,10,1,0.280232,closer
21,7,4,42,63,0,9,3,3,1,1.23287,closer
21,7,25,42,63,0,9,3,3,1,1.23446,closer
21,7,33,42,63,0,3,3,3,1,1.23528,closer
21,7,34,42,63,0,3,16,-1,0,-1,farther
21,7,42,42,63,0,3,10,-1,0,-1,farther
21,7,44,42,63,0,18,3,3,1,1.23622,closer
21,7,49,42,63,0,3,10,-1,0,-1,farther
21,8,1,42,63,0,5,5,-1,0,-1,farther
21,8,3,42,63,0,16,5,5,1,0.130237,closer
21,8,8,42,63,0,5,17,-1,0,-1,farther
21,9,19,42,63,0,13,15,15,1,0.646942,closer
21,9,31,42,63,0,15,15,15,1,0.648844,closer
21,9,38,42,63,0,15,15,15,1,0.649796,closer
21,10,0,42,63,0,0,5,5,1,0.438087,closer
21,10,1,42,63,0,5,12,-1,0,-1,farther
21,10,3,42,63,0,5,1,-1,0,-1,farther
21,10,6,42,63,0,0,5,5,1,0.439509,closer
21,10,8,42,63,0,5,17,-1,0,-1,farther
21,10,18,42,63,0,0,5,5,1,0.4404,closer
21,10,36,42,63,0,0,5,5,1,0.441441,closer
21,10,43,42,63,0,0,5,5,1,0.442413,closer
21,10,46,42,63,0,0,5,5,1,0.443214,closer
21,11,4,42,63,0,3,9,-1,0,-1,farther
21,11,25,42,63,0,3,9,-1,0,-1,farther
21,11,33,42,63,0,3,9,-1,0,-1,farther
21,11,34,42,63,0,3,16,-1,0,-1,farther
21,11,42,42,63,0,3,10,-1,0,-1,farther
21,11,44,42,63,0,3,18,-1,0,-1,farther
21,11,49,42,63,0,3,10,-1,0,-1,farther
21,12,6,42,63,0,5,4,4,1,1.92313,closer
21,12,18,42,63,0,5,4,4,1,1.92495,closer
21,12,46,42,63,0,5,4,4,1,1.92587,closer
21,13,27,42,63,0,9,18,18,1,0.130828,closer
21,13,28,42,63,0,18,12,-1,0,-1,farther
21,13,35,42,63,0,18,9,-1,0,-1,farther
21,14,14,42,63,0,2,3,-1,0,-1,farther
21,14,33,42,63,0,3,2,2,1,2.82125,closer
21,15,20,42,63,0,11,19,-1,0,-1,farther
21,16,0,42,63,0,5,2,2,1,0.119302,closer
21,16,14,42,63,0,2,3,-1,0,-1,farther
21,16,33,42,63,0,2,18,-1,0,-1,farther
21,16,36,42,63,0,5,2,2,1,0.120644,closer
21,17,10,42,63,0,13,9,9,1,0.291558,closer
21,17,29,42,63,0,9,6,-1,0,-1,farther
21,18,26,42,63,0,14,1,-1,0,-1,farther
21,18,33,42,63,0,2,14,14,1,0.407325,closer
21,18,48,42,63,0,14,8,-1,0,-1,farther
21,19,0,42,63,0,2,5,-1,0,-1,farther
21,19,6,42,63,0,4,2,2,1,0.136326,closer
21,19,14,42,63,0,2,3,-1,0,-1,farther
21,19,36,42,63,0,2,5,-1,0,-1,farther
22,0,4,42,64,0,11,18,18,1,0.275546,closer
22,0,6,42,64,0,11,18,18,1,0.277048,closer
22,0,18,42,64,0,13,18,18,1,0.27821,closer
22,0,34,42,64,0,11,18,18,1,0.279361,closer
22,0,44,42,64,0,18,17,-1,0,-1,farther
22,1,9,42,64,0,16,6,-1,0,-1,farther
22,1,14,42,64,0,16,15,-1,0,-1,farther
22,1,27,42,64,0,0,16,16,1,0.430677,closer
22,1,33,42,64,0,17,16,16,1,0.432009,closer
22,1,36,42,64,0,16,6,-1,0,-1,farther
22,1,42,42,64,0,16,6,-1,0,-1,farther
22,1,44,42,64,0,18,16,16,1,0.43285,closer
22,2,12,42,64,0,17,14,14,1,0.143256,closer
22,2,22,42,64,0,17,14,14,1,0.144237,closer
22,2,30,42,64,0,17,14,14,1,0.145008,closer
22,2,33,42,64,0,16,14,14,1,0.145749,closer
22,2,39,42,64,0,17,14,14,1,0.14648,closer
22,2,44,42,64,0,16,14,14,1,0.147351,closer
22,3,1,42,64,0,9,12,-1,0,-1,farther
22,3,16,42,64,0,9,7,-1,0,-1,farther
22,3,17,42,64,0,17,9,9,1,0.13938,closer
22,3,31,42,64,0,9,7,-1,0,-1,farther
22,3,37,42,64,0,17,9,9,1,0.140492,closer
22,4,7,42,64,0,2,12,-1,0,-1,farther
22,4,8,42,64,0,2,12,-1,0,-1,farther
22,4,15,42,64,0,2,12,-1,0,-1,farther
22,4,29,42,64,0,2,12,-1,0,-1,farther
22,4,45,42,64,0,2,12,-1,0,-1,farther
22,4,46,42,64,0,7,2,2,1,0.249279,closer
22,4,49,42,64,0,2,12,-1,0,-1,farther
22,5,0,42,64,0,6,9,9,1,0.525136,closer
22,5,1,42,64,0,9,12,-1,0,-1,farther
22,5,16,42,64,0,9,7,-1,0,-1,farther
22,5,17,42,64,0,9,17,-1,0,-1,farther
22,5,31,42,64,0,9,7,-1,0,-1,farther
22,5,37,42,64,0,9,17,-1,0,-1,farther
22,6,3,42,64,0,1,19,19,1,0.940532,closer
22,6,24,42,64,0,1,19,19,1,0.941904,closer
22,7,2,42,64,0,17,2,-1,0,-1,farther
22,7,5,42,64,0,17,2,-1,0,-1,farther
22,7,48,42,64,0,17,14,-1,0,-1,farther
22,8,17,42,64,0,9,12,12,1,0.610462,closer
22,9,26,42,64,0,1,19,-1,0,-1,farther
22,9,38,42,64,0,1,19,-1,0,-1,farther
22,10,13,42,64,0,8,5,-1,0,-1,farther
22,10,20,42,64,0,0,8,8,1,0.208404,closer
22,10,27,42,64,0,16,8,8,1,0.23486,closer
22,11,19,42,64,0,10,4,-1,0,-1,farther
22,11,28,42,64,0,10,4,-1,0,-1,farther
22,12,9,42,64,0,16,11,11,1,7.42944,closer
22,12,32,42,64,0,11,18,-1,0,-1,farther
22,12,36,42,64,0,16,11,11,1,7.43454,closer
22,12,40,42,64,0,11,13,-1,0,-1,farther
22,12,41,42,64,0,11,18,-1,0,-1,farther
22,12,42,42,64,0,16,11,11,1,7.43664,closer
22,12,43,42,64,0,6,11,11,1,7.43845,closer
22,13,25,42,64,0,5,6,-1,0,-1,farther
22,13,47,42,64,0,5,7,-1,0,-1,farther
22,14,1,42,64,0,9,10,10,1,0.294862,closer
22,14,16,42,64,0,9,10,10,1,0.296224,closer
22,14,19,42,64,0,10,4,-1,0,-1,farther
22,14,28,42,64,0,10,4,-1,0,-1,farther
22,14,31,42,64,0,9,10,10,1,0.297025,closer
22,15,11,42,64,0,0,8,-1,0,-1,farther
22,16,25,42,64,0,5,6,-1,0,-1,farther
22,16,34,42,64,0,18,5,5,1,0.244433,closer
22,16,47,42,64,0,5,7,-1,0,-1,farther
22,17,5,42,64,0,17,4,4,1,0.200393,closer
22,17,10,42,64,0,4,3,-1,0,-1,farther
22,17,12,42,64,0,14,4,4,1,0.201645,closer
22,17,22,42,64,0,14,4,4,1,0.202356,closer
22,17,30,42,64,0,14,4,4,1,0.203478,closer
22,17,39,42,64,0,14,4,4,1,0.204269,closer
22,17,48,42,64,0,17,4,4,1,0.20519,closer
22,18,0,42,64,0,9,5,5,1,0.240969,closer
22,18,25,42,64,0,5,6,-1,0,-1,farther
22,18,34,42,64,0,5,18,-1,0,-1,farther
22,18,47,42,64,0,5,7,-1,0,-1,farther
23,0,2,42,65,0,1,11,11,1,0.184145,closer
23,0,12,42,65,0,11,16,-1,0,-1,farther
23,0,21,42,65,0,11,16,-1,0,-1,farther
23,0,22,42,65,0,18,11,11,1,0.185879,closer
23,0,26,42,65,0,11,16,-1,0,-1,farther
23,0,30,42,65,0,18,11,11,1,0.186881,closer
23,0,31,42,65,0,6,11,11,1,0.188064,closer
23,0,48,42,65,0,18,11,11,1,0.189297,closer
23,1,8,42,65,0,8,19,-1,0,-1,farther
23,1,18,42,65,0,8,10,-1,0,-1,farther
23,1,24,42,65,0,8,13,-1,0,-1,farther
23,2,16,42,65,0,3,7,7,1,0.497274,closer
23,2,20,42,65,0,13,7,7,1,0.498327,closer
23,3,10,42,65,0,19,19,-1,0,-1,farther
23,3,19,42,65,0,19,19,-1,0,-1,farther
23,4,8,42,65,0,8,14,14,1,0.141875,closer
23,4,10,42,65,0,19,14,14,1,0.142938,closer
23,4,17,42,65,0,14,19,-1,0,-1,farther
23,4,37,42,65,0,14,19,-1,0,-1,farther
23,5,2,42,65,0,11,8,-1,0,-1,farther
23,5,12,42,65,0,11,16,-1,0,-1,farther
23,5,21,42,65,0,11,16,-1,0,-1,farther
23,5,22,42,65,0,11,18,-1,0,-1,farther
23,5,26,42,65,0,11,16,-1,0,-1,farther
23,5,30,42,65,0,11,18,-1,0,-1,farther
23,5,31,42,65,0,11,6,-1,0,-1,farther
23,5,48,42,65,0,11,18,-1,0,-1,farther
23,6,7,42,65,0,18,19,19,1,0.259563,closer
23,6,19,42,65,0,19,12,-1,0,-1,farther
23,6,33,42,65,0,18,19,19,1,0.260796,closer
23,7,39,42,65,0,0,18,-1,0,-1,farther
23,8,19,42,65,0,19,1,1,1,0.220712,closer
23,9,4,42,65,0,2,14,-1,0,-1,farther
23,9,43,42,65,0,2,10,-1,0,-1,farther
23,9,45,42,65,0,2,14,-1,0,-1,farther
23,10,38,42,65,0,12,5,5,1,0.145243,closer
23,11,0,42,65,0,18,19,-1,0,-1,farther
23,11,16,42,65,0,7,18,18,1,0.354026,closer
23,11,34,42,65,0,18,19,-1,0,-1,farther
23,12,5,42,65,0,17,19,19,1,0.340333,closer
23,12,7,42,65,0,19,5,-1,0,-1,farther
23,12,30,42,65,0,11,19,19,1,0.341306,closer
23,12,33,42,65,0,19,5,-1,0,-1,farther
23,12,39,42,65,0,0,19,19,1,0.342188,closer
23,12,42,42,65,0,17,19,19,1,0.34318,closer
23,12,44,42,65,0,17,19,19,1,0.344293,closer
23,13,3,42,65,0,3,18,-1,0,-1,farther
23,13,37,42,65,0,14,3,3,1,0.217333,closer
23,14,5,42,65,0,19,12,12,1,0.223989,closer
23,14,13,42,65,0,12,0,-1,0,-1,farther
23,14,29,42,65,0,12,5,-1,0,-1,farther
23,14,39,42,65,0,19,12,12,1,0.225041,closer
23,15,19,42,65,0,1,3,-1,0,-1,farther
23,16,0,42,65,0,18,2,2,1,1.74376,closer
23,16,4,42,65,0,2,5,-1,0,-1,farther
23,16,22,42,65,0,11,2,2,1,1.74808,closer
23,16,30,42,65,0,19,2,2,1,1.74916,closer
23,16,42,42,65,0,19,2,2,1,1.75054,closer
23,16,43,42,65,0,2,10,-1,0,-1,farther
23,16,45,42,65,0,2,5,-1,0,-1,farther
23,16,48,42,65,0,11,2,2,1,1.75201,closer
23,17,0,42,65,0,2,2,-1,0,-1,farther
23,17,4,42,65,0,2,5,-1,0,-1,farther
23,17,22,42,65,0,2,19,-1,0,-1,farther
23,17,29,42,65,0,12,2,2,1,0.609089,closer
23,17,30,42,65,0,2,19,-1,0,-1,farther
23,17,38,42,65,0,5,2,2,1,0.610111,closer
23,17,42,42,65,0,2,19,-1,0,-1,farther
23,17,43,42,65,0,2,10,-1,0,-1,farther
23,17,45,42,65,0,2,5,-1,0,-1,farther
23,17,48,42,65,0,2,19,-1,0,-1,farther
23,18,15,42,65,0,4,0,-1,0,-1,farther
23,19,1,42,65,0,9,1,-1,0,-1,farther
23,19,35,42,65,0,9,17,-1,0,-1,farther
23,19,47,42,65,0,9,17,-1,0,-1,farther
24,0,8,42,66,0,16,1,-1,0,-1,farther
24,0,22,42,66,0,16,1,-1,0,-1,farther
24,1,1,42,66,0,3,14,-1,0,-1,farther
24,1,14,42,66,0,3,12,-1,0,-1,farther
24,1,32,42,66,0,19,3,3,1,0.194846,closer
24,1,43,42,66,0,3,12,-1,0,-1,farther
24,2,5,42,66,0,8,6,-1,0,-1,farther
24,2,9,42,66,0,8,6,-1,0,-1,farther
24,2,16,42,66,0,6,8,8,1,0.241229,closer
24,2,20,42,66,0,10,8,8,1,0.2424,closer
24,3,3,42,66,0,13,17,-1,0,-1,farther
24,3,21,42,66,0,13,17,-1,0,-1,farther
24,3,23,42,66,0,12,13,13,1,1.03315,closer
24,3,34,42,66,0,12,13,13,1,1.035,closer
24,3,48,42,66,0,18,13,13,1,1.03608,closer
24,4,23,42,66,0,13,18,18,1,0.17602,closer
24,5,11,42,66,0,17,3,-1,0,-1,farther
24,5,19,42,66,0,17,3,-1,0,-1,farther
24,5,26,42,66,0,17,3,-1,0,-1,farther
24,5,27,42,66,0,17,3,-1,0,-1,farther
24,6,1,42,66,0,3,14,-1,0,-1,farther
24,6,4,42,66,0,12,3,3,1,0.191561,closer
24,6,14,42,66,0,3,3,-1,0,-1,farther
24,6,32,42,66,0,3,19,-1,0,-1,farther
24,6,43,42,66,0,3,3,-1,0,-1,farther
24,7,2,42,66,0,7,6,-1,0,-1,farther
24,7,18,42,66,0,7,6,-1,0,-1,farther
24,7,33,42,66,0,7,11,-1,0,-1,farther
24,7,36,42,66,0,7,6,-1,0,-1,farther
24,7,39,42,66,0,7,6,-1,0,-1,farther
24,7,40,42,66,0,7,11,-1,0,-1,farther
24,8,0,42,66,0,4,10,-1,0,-1,farther
24,8,10,42,66,0,4,10,-1,0,-1,farther
24,8,48,42,66,0,13,4,4,1,0.268986,closer
24,9,1,42,66,0,3,7,7,1,6.1032,closer
24,9,2,42,66,0,7,6,-1,0,-1,farther
24,9,18,42,66,0,7,6,-1,0,-1,farther
24,9,33,42,66,0,7,11,-1,0,-1,farther
24,9,36,42,66,0,7,6,-1,0,-1,farther
24,9,39,42,66,0,7,6,-1,0,-1,farther
24,9,40,42,66,0,7,11,-1,0,-1,farther
24,9,43,42,66,0,3,7,7,1,6.10632,closer
24,10,1,42,66,0,7,14,-1,0,-1,farther
24,10,2,42,66,0,7,6,-1,0,-1,farther
24,10,18,42,66,0,7,6,-1,0,-1,farther
24,10,33,42,66,0,7,11,-1,0,-1,farther
24,10,36,42,66,0,7,7,-1,0,-1,farther
24,10,39,42,66,0,7,6,-1,0,-1,farther
24,10,40,42,66,0,7,11,-1,0,-1,farther
24,10,43,42,66,0,7,3,-1,0,-1,farther
24,11,6,42,66,0,5,18,18,1,0.195096,closer
24,11,23,42,66,0,18,13,-1,0,-1,farther
24,11,24,42,66,0,0,18,18,1,0.196477,closer
24,11,30,42,66,0,0,18,18,1,0.197319,closer
24,12,0,42,66,0,4,10,10,1,0.180075,closer
24,12,10,42,66,0,4,10,10,1,0.181447,closer
24,12,29,42,66,0,10,10,10,1,0.182518,closer
24,14,0,42,66,0,10,10,-1,0,-1,farther
24,14,10,42,66,0,10,10,-1,0,-1,farther
24,14,29,42,66,0,10,10,-1,0,-1,farther
24,15,12,42,66,0,1,4,4,1,0.24892,closer
24,15,33,42,66,0,7,4,4,1,0.250251,closer
24,15,40,42,66,0,7,4,4,1,0.251473,closer
24,15,46,42,66,0,9,4,4,1,0.252384,closer
24,15,48,42,66,0,4,13,-1,0,-1,farther
24,16,34,42,66,0,13,12,12,1,0.286931,closer
24,17,11,42,66,0,17,2,2,1,1.69523,closer
24,17,15,42,66,0,0,2,2,1,1.69684,closer
24,17,26,42,66,0,17,2,2,1,1.69798,closer
24,17,31,42,66,0,0,2,2,1,1.69911,closer
24,17,35,42,66,0,0,2,2,1,1.69982,closer
24,18,37,42,66,0,9,4,-1,0,-1,farther
24,19,7,42,66,0,1,14,14,1,0.405403,closer
24,19,12,42,66,0,4,14,14,1,0.406905,closer
25,0,6,42,67,0,5,3,-1,0,-1,farther
25,0,19,42,67,0,5,3,-1,0,-1,farther
25,0,22,42,67,0,18,5,5,1,0.237034,closer
25,0,27,42,67,0,5,3,-1,0,-1,farther
25,0,31,42,67,0,5,3,-1,0,-1,farther
25,0,46,42,67,0,5,3,-1,0,-1,farther
25,0,47,42,67,0,18,5,5,1,0.238175,closer
25,1,7,42,67,0,2,13,13,1,0.881061,closer
25,1,10,42,67,0,13,19,-1,0,-1,farther
25,1,11,42,67,0,2,13,13,1,0.882803,closer
25,1,38,42,67,0,18,13,13,1,0.883654,closer
25,1,45,42,67,0,18,13,13,1,0.884565,closer
25,1,49,42,67,0,18,13,13,1,0.885477,closer
25,2,7,42,67,0,13,4,4,1,0.918753,closer
25,2,11,42,67,0,13,4,4,1,0.920215,closer
25,2,17,42,67,0,4,19,-1,0,-1,farther
25,2,20,42,67,0,10,4,4,1,0.920986,closer
25,2,23,42,67,0,2,4,4,1,0.921737,closer
25,2,26,42,67,0,4,19,-1,0,-1,farther
25,3,25,42,67,0,3,15,-1,0,-1,farther
25,3,32,42,67,0,12,3,3,1,0.470441,closer
25,4,8,42,67,0,10,2,2,1,1.2662,closer
25,4,12,42,67,0,10,2,2,1,1.26995,closer
25,4,21,42,67,0,2,3,-1,0,-1,farther
25,4,24,42,67,0,10,2,2,1,1.2712,closer
25,4,34,42,67,0,10,2,2,1,1.2725,closer
25,4,37,42,67,0,2,18,-1,0,-1,farther
25,4,48,42,67,0,10,2,2,1,1.27408,closer
25,5,8,42,67,0,2,10,-1,0,-1,farther
25,5,12,42,67,0,2,10,-1,0,-1,farther
25,5,21,42,67,0,2,3,-1,0,-1,farther
25,5,24,42,67,0,2,10,-1,0,-1,farther
25,5,34,42,67,0,2,10,-1,0,-1,farther
25,5,37,42,67,0,2,18,-1,0,-1,farther
25,5,48,42,67,0,2,10,-1,0,-1,farther
25,6,6,42,67,0,5,15,-1,0,-1,farther
25,6,19,42,67,0,5,15,-1,0,-1,farther
25,6,22,42,67,0,5,18,-1,0,-1,farther
25,6,27,42,67,0,5,1,-1,0,-1,farther
25,6,31,42,67,0,5,15,-1,0,-1,farther
25,6,32,42,67,0,3,5,5,1,2.25122,closer
25,6,35,42,67,0,12,5,5,1,2.25358,closer
25,6,46,42,67,0,5,1,-1,0,-1,farther
25,6,47,42,67,0,5,18,-1,0,-1,farther
25,7,0,42,67,0,1,6,-1,0,-1,farther
25,7,20,42,67,0,4,1,1,1,0.186324,closer
25,8,15,42,67,0,10,4,-1,0,-1,farther
25,8,17,42,67,0,4,10,10,1,0.358979,closer
25,8,40,42,67,0,10,5,-1,0,-1,farther
25,9,11,42,67,0,4,15,15,1,2.18675,closer
25,9,45,42,67,0,13,15,15,1,2.18875,closer
25,10,0,42,67,0,1,6,-1,0,-1,farther
25,10,13,42,67,0,12,1,1,1,0.224817,closer
25,10,20,42,67,0,1,4,-1,0,-1,farther
25,10,34,42,67,0,2,1,1,1,0.226179,closer
25,10,48,42,67,0,2,1,1,1,0.22718,closer
25,11,6,42,67,0,5,5,-1,0,-1,farther
25,11,19,42,67,0,5,5,-1,0,-1,farther
25,11,22,42,67,0,5,18,-1,0,-1,farther
25,11,27,42,67,0,5,5,-1,0,-1,farther
25,11,31,42,67,0,5,5,-1,0,-1,farther
25,11,32,42,67,0,5,10,-1,0,-1,farther
25,11,35,42,67,0,5,12,-1,0,-1,farther
25,11,41,42,67,0,9,5,5,1,0.177321,closer
25,11,46,42,67,0,5,5,-1,0,-1,farther
25,11,47,42,67,0,5,18,-1,0,-1,farther
25,12,1,42,67,0,12,1,-1,0,-1,farther
25,12,2,42,67,0,12,8,-1,0,-1,farther
25,12,3,42,67,0,12,1,-1,0,-1,farther
25,12,16,42,67,0,12,10,-1,0,-1,farther
25,12,18,42,67,0,12,14,-1,0,-1,farther
25,12,33,42,67,0,12,10,-1,0,-1,farther
25,12,37,42,67,0,2,12,12,1,0.725549,closer
25,13,1,42,67,0,12,4,4,1,1.4644,closer
25,13,2,42,67,0,12,4,4,1,2.17736,closer
25,13,7,42,67,0,4,15,-1,0,-1,farther
25,13,13,42,67,0,1,4,4,1,2.1805,closer
25,13,18,42,67,0,12,4,4,1,2.18172,closer
25,13,23,42,67,0,4,15,-1,0,-1,farther
25,13,26,42,67,0,4,19,-1,0,-1,farther
25,14,4,42,67,0,7,9,9,1,0.738887,closer
25,15,0,42,67,0,1,6,-1,0,-1,farther
25,15,10,42,67,0,13,1,1,1,0.255017,closer
25,15,20,42,67,0,1,3,-1,0,-1,farther
25,15,34,42,67,0,1,4,-1,0,-1,farther
25,15,48,42,67,0,1,4,-1,0,-1,farther
25,16,1,42,67,0,4,3,-1,0,-1,farther
25,16,2,42,67,0,4,8,-1,0,-1,farther
25,16,7,42,67,0,4,15,-1,0,-1,farther
25,16,13,42,67,0,4,8,-1,0,-1,farther
25,16,18,42,67,0,4,14,-1,0,-1,farther
25,16,23,42,67,0,4,15,-1,0,-1,farther
25,16,25,42,67,0,3,4,4,1,0.440951,closer
25,16,26,42,67,0,4,19,-1,0,-1,farther
25,17,15,42,67,0,10,15,-1,0,-1,farther
25,17,17,42,67,0,10,3,-1,0,-1,farther
25,17,37,42,67,0,12,10,10,1,3.10384,closer
25,17,40,42,67,0,10,3,-1,0,-1,farther
25,18,2,42,67,0,4,19,19,1,0.180877,closer
25,18,18,42,67,0,4,19,19,1,0.182119,closer
25,19,29,42,67,0,7,0,-1,0,-1,farther
26,0,13,42,68,0,13,19,19,1,10.2514,closer
26,0,25,42,68,0,3,19,19,1,10.2535,closer
26,0,37,42,68,0,19,15,-1,0,-1,farther
26,0,40,42,68,0,13,19,19,1,10.2546,closer
26,0,42,42,68,0,0,19,19,1,10.2554,closer
26,1,3,42,68,0,3,12,-1,0,-1,farther
26,1,8,42,68,0,3,12,-1,0,-1,farther
26,1,34,42,68,0,3,12,-1,0,-1,farther
26,1,35,42,68,0,11,3,3,1,0.126903,closer
26,1,36,42,68,0,3,19,-1,0,-1,farther
26,1,37,42,68,0,19,3,3,1,0.128175,closer
26,2,0,42,68,0,8,12,12,1,0.130167,closer
26,2,28,42,68,0,1,12,12,1,0.131329,closer
26,2,29,42,68,0,12,6,-1,0,-1,farther
26,2,32,42,68,0,12,6,-1,0,-1,farther
26,3,27,42,68,0,17,11,11,1,0.177633,closer
26,3,45,42,68,0,11,14,-1,0,-1,farther
26,4,15,42,68,0,15,8,-1,0,-1,farther
26,4,24,42,68,0,9,15,15,1,0.52784,closer
26,4,30,42,68,0,18,15,15,1,0.529863,closer
26,4,31,42,68,0,4,15,15,1,0.530974,closer
26,4,38,42,68,0,9,15,15,1,0.531705,closer
26,4,41,42,68,0,18,15,15,1,0.532666,closer
26,5,15,42,68,0,15,8,-1,0,-1,farther
26,5,24,42,68,0,15,9,-1,0,-1,farther
26,5,30,42,68,0,15,18,-1,0,-1,farther
26,5,31,42,68,0,15,4,-1,0,-1,farther
26,5,38,42,68,0,15,9,-1,0,-1,farther
26,5,41,42,68,0,15,18,-1,0,-1,farther
26,6,0,42,68,0,12,19,19,1,0.610622,closer
26,6,7,42,68,0,1,19,19,1,0.611854,closer
26,6,13,42,68,0,19,13,-1,0,-1,farther
26,6,17,42,68,0,6,19,19,1,0.612665,closer
26,6,25,42,68,0,19,6,-1,0,-1,farther
26,6,40,42,68,0,19,13,-1,0,-1,farther
26,6,42,42,68,0,19,0,-1,0,-1,farther
26,6,48,42,68,0,6,19,19,1,0.613516,closer
26,7,25,42,68,0,19,0,0,1,0.319315,closer
26,7,36,42,68,0,3,0,0,1,0.320457,closer
26,8,1,42,68,0,14,16,16,1,0.145729,closer
26,8,10,42,68,0,16,7,-1,0,-1,farther
26,8,20,42,68,0,17,16,16,1,0.146831,closer
26,8,21,42,68,0,18,16,16,1,0.148042,closer
26,8,46,42,68,0,17,16,16,1,0.148893,closer
26,9,16,42,68,0,1,12,-1,0,-1,farther
26,9,29,42,68,0,12,1,1,1,0.426201,closer
26,9,31,42,68,0,15,1,1,1,0.427633,closer
26,9,32,42,68,0,12,1,1,1,0.428564,closer
26,10,2,42,68,0,2,7,-1,0,-1,farther
26,10,14,42,68,0,2,11,-1,0,-1,farther
26,11,4,42,68,0,10,7,-1,0,-1,farther
26,11,12,42,68,0,10,13,-1,0,-1,farther
26,11,43,42,68,0,10,13,-1,0,-1,farther
26,12,8,42,68,0,3,12,12,1,0.179765,closer
26,12,25,42,68,0,0,12,12,1,0.181067,closer
26,12,28,42,68,0,12,19,-1,0,-1,farther
26,12,36,42,68,0,0,12,12,1,0.182088,closer
26,13,13,42,68,0,19,7,7,1,0.206832,closer
26,13,39,42,68,0,7,8,-1,0,-1,farther
26,13,40,42,68,0,19,7,7,1,0.208023,closer
26,14,10,42,68,0,16,0,0,1,0.898996,closer
26,14,39,42,68,0,7,0,0,1,0.900658,closer
26,15,2,42,68,0,2,15,15,1,0.272471,closer
26,15,15,42,68,0,15,10,-1,0,-1,farther
26,15,24,42,68,0,15,9,-1,0,-1,farther
26,15,30,42,68,0,15,18,-1,0,-1,farther
26,15,38,42,68,0,15,1,-1,0,-1,farther
26,15,41,42,68,0,15,18,-1,0,-1,farther
26,16,18,42,68,0,8,15,-1,0,-1,farther
26,16,25,42,68,0,12,8,8,1,0.461699,closer
26,16,36,42,68,0,12,8,8,1,0.464162,closer
26,16,49,42,68,0,8,19,-1,0,-1,farther
26,17,22,42,68,0,18,5,-1,0,-1,farther
26,17,44,42,68,0,18,4,-1,0,-1,farther
26,17,47,42,68,0,18,4,-1,0,-1,farther
26,18,3,42,68,0,3,9,-1,0,-1,farther
26,18,34,42,68,0,3,12,-1,0,-1,farther
26,18,35,42,68,0,3,10,-1,0,-1,farther
26,18,37,42,68,0,3,10,-1,0,-1,farther
26,18,39,42,68,0,0,3,3,1,0.57291,closer
26,19,6,42,68,0,6,18,-1,0,-1,farther
26,19,23,42,68,0,6,18,-1,0,-1,farther
26,19,26,42,68,0,6,18,-1,0,-1,farther
27,0,0,42,69,0,3,12,12,1,0.143135,closer
27,0,4,42,69,0,3,12,12,1,0.144177,closer
27,0,6,42,69,0,18,12,12,1,0.144838,closer
27,0,7,42,69,0,12,16,-1,0,-1,farther
27,0,10,42,69,0,12,4,-1,0,-1,farther
27,0,12,42,69,0,12,4,-1,0,-1,farther
27,0,14,42,69,0,18,12,12,1,0.145649,closer
27,0,15,42,69,0,12,16,-1,0,-1,farther
27,0,29,42,69,0,12,3,-1,0,-1,farther
27,0,30,42,69,0,12,16,-1,0,-1,farther
27,0,41,42,69,0,12,10,-1,0,-1,farther
27,0,48,42,69,0,18,12,12,1,0.14633,closer
27,1,12,42,69,0,12,1,1,1,0.221191,closer
27,1,22,42,69,0,1,19,-1,0,-1,farther
27,1,23,42,69,0,10,1,1,1,0.222593,closer
27,1,32,42,69,0,10,1,1,1,0.223604,closer
27,1,41,42,69,0,12,1,1,1,0.224666,closer
27,2,1,42,69,0,19,10,-1,0,-1,farther
27,2,10,42,69,0,12,19,19,1,0.20489,closer
27,2,12,42,69,0,1,19,19,1,0.206322,closer
27,2,35,42,69,0,19,11,-1,0,-1,farther
27,2,39,42,69,0,19,11,-1,0,-1,farther
27,2,42,42,69,0,19,11,-1,0,-1,farther
27,3,2,42,69,0,11,8,-1,0,-1,farther
27,3,23,42,69,0,1,11,11,1,0.495245,closer
27,3,28,42,69,0,9,11,11,1,0.538394,closer
27,3,32,42,69,0,1,11,11,1,0.539435,closer
27,3,49,42,69,0,10,11,11,1,0.540337,closer
27,4,18,42,69,0,3,1,1,1,0.212339,closer
27,4,19,42,69,0,2,1,1,1,0.213891,closer
27,4,22,42,69,0,1,2,-1,0,-1,farther
27,4,41,42,69,0,1,10,-1,0,-1,farther
27,5,3,42,69,0,17,18,-1,0,-1,farther
27,5,13,42,69,0,16,17,17,1,0.141533,closer
27,5,25,42,69,0,16,17,17,1,0.170663,closer
27,6,8,42,69,0,9,14,-1,0,-1,farther
27,6,11,42,69,0,7,9,9,1,0.177071,closer
27,6,31,42,69,0,9,14,-1,0,-1,farther
27,6,42,42,69,0,19,9,9,1,0.178052,closer
27,7,3,42,69,0,17,18,-1,0,-1,farther
27,7,13,42,69,0,17,16,-1,0,-1,farther
27,7,25,42,69,0,17,16,-1,0,-1,farther
27,8,9,42,69,0,3,6,6,1,0.162822,closer
27,8,20,42,69,0,3,6,6,1,0.163883,closer
27,8,45,42,69,0,13,6,6,1,0.164674,closer
27,9,1,42,69,0,19,5,5,1,1.22652,closer
27,9,39,42,69,0,19,5,5,1,1.22985,closer
27,9,43,42,69,0,5,4,-1,0,-1,farther
27,9,44,42,69,0,10,5,5,1,1.23113,closer
27,9,49,42,69,0,11,5,5,1,1.23207,closer
27,10,7,42,69,0,12,19,19,1,0.150826,closer
27,10,10,42,69,0,19,4,-1,0,-1,farther
27,10,12,42,69,0,19,4,-1,0,-1,farther
27,10,13,42,69,0,17,19,19,1,0.152167,closer
27,10,15,42,69,0,12,19,19,1,0.153049,closer
27,10,18,42,69,0,1,19,19,1,0.15375,closer
27,10,29,42,69,0,12,19,19,1,0.154491,closer
27,10,30,42,69,0,12,19,19,1,0.155302,closer
27,10,35,42,69,0,19,1,-1,0,-1,farther
27,11,7,42,69,0,19,16,-1,0,-1,farther
27,11,8,42,69,0,9,19,19,1,0.635777,closer
27,11,10,42,69,0,19,4,-1,0,-1,farther
27,11,12,42,69,0,19,4,-1,0,-1,farther
27,11,13,42,69,0,19,16,-1,0,-1,farther
27,11,15,42,69,0,19,16,-1,0,-1,farther
27,11,18,42,69,0,19,1,-1,0,-1,farther
27,11,29,42,69,0,19,3,-1,0,-1,farther
27,11,30,42,69,0,19,16,-1,0,-1,farther
27,11,35,42,69,0,19,1,-1,0,-1,farther
27,11,36,42,69,0,14,19,19,1,0.664075,closer
27,12,26,42,69,0,18,12,-1,0,-1,farther
27,12,43,42,69,0,5,18,18,1,0.363185,closer
27,12,46,42,69,0,4,18,18,1,0.364798,closer
27,13,18,42,69,0,19,10,10,1,0.233749,closer
27,13,29,42,69,0,19,10,10,1,0.235051,closer
27,13,37,42,69,0,10,5,-1,0,-1,farther
27,14,1,42,69,0,5,5,-1,0,-1,farther
27,14,32,42,69,0,11,5,5,1,0.178633,closer
27,14,39,42,69,0,5,5,-1,0,-1,farther
27,14,44,42,69,0,5,5,-1,0,-1,farther
27,14,49,42,69,0,5,5,5,1,0.179645,closer
27,16,19,42,69,0,1,8,-1,0,-1,farther
27,16,22,42,69,0,1,8,-1,0,-1,farther
27,16,28,42,69,0,11,1,-1,0,-1,closer
27,16,41,42,69,0,1,2,-1,0,-1,farther
27,17,24,42,69,0,15,7,-1,0,-1,farther
27,17,25,42,69,0,17,15,-1,0,-1,closer
27,18,16,42,69,0,13,8,-1,0,-1,farther
27,19,18,42,69,0,10,2,-1,0,-1,farther
27,19,29,42,69,0,10,3,-1,0,-1,farther
27,19,37,42,69,0,10,5,-1,0,-1,farther
28,1,4,42,70,0,10,14,14,1,0.554796,closer
28,1,11,42,70,0,14,16,-1,0,-1,farther
28,1,13,42,70,0,14,16,-1,0,-1,farther
28,1,24,42,70,0,14,16,-1,0,-1,farther
28,1,30,42,70,0,14,16,-1,0,-1,farther
28,1,32,42,70,0,12,14,14,1,0.556288,closer
28,1,34,42,70,0,10,14,14,1,0.557249,closer
28,1,35,42,70,0,10,14,14,1,0.558121,closer
28,1,45,42,70,0,14,16,-1,0,-1,farther
28,1,49,42,70,0,10,14,14,1,0.559082,closer
28,2,23,42,70,0,11,0,-1,0,-1,farther
28,2,28,42,70,0,16,11,11,1,0.128715,closer
28,2,33,42,70,0,16,11,11,1,0.129917,closer
28,3,3,42,70,0,3,15,-1,0,-1,farther
28,3,4,42,70,0,14,3,3,1,3.10676,closer
28,3,9,42,70,0,10,3,3,1,3.10872,closer
28,3,16,42,70,0,10,3,3,1,3.10989,closer
28,3,22,42,70,0,1,3,3,1,3.11068,closer
28,3,49,42,70,0,14,3,3,1,3.11148,closer
28,4,19,42,70,0,8,18,-1,0,-1,farther
28,4,47,42,70,0,8,12,-1,0,-1,farther
28,5,23,42,70,0,11,0,-1,0,-1,farther
28,5,28,42,70,0,11,16,-1,0,-1,farther
28,5,33,42,70,0,11,16,-1,0,-1,farther
28,6,7,42,70,0,10,1,-1,0,-1,farther
28,6,10,42,70,0,10,3,-1,0,-1,farther
28,6,31,42,70,0,10,13,-1,0,-1,farther
28,6,32,42,70,0,14,10,10,1,0.266773,closer
28,7,2,42,70,0,6,18,-1,0,-1,farther
28,7,9,42,70,0,3,6,6,1,0.184381,closer
28,7,10,42,70,0,10,6,6,1,0.185533,closer
28,7,17,42,70,0,6,18,-1,0,-1,farther
28,7,18,42,70,0,6,18,-1,0,-1,farther
28,8,1,42,70,0,7,8,8,1,0.166897,closer
28,8,19,42,70,0,8,18,-1,0,-1,farther
28,8,42,42,70,0,7,8,8,1,0.1687,closer
28,8,47,42,70,0,8,12,-1,0,-1,farther
28,9,21,42,70,0,5,11,-1,0,-1,farther
28,9,36,42,70,0,5,0,-1,0,-1,farther
28,10,12,42,70,0,9,7,7,1,0.311875,closer
28,10,14,42,70,0,7,8,-1,0,-1,farther
28,10,15,42,70,0,7,16,-1,0,-1,farther
28,10,39,42,70,0,7,16,-1,0,-1,farther
28,10,40,42,70,0,7,8,-1,0,-1,farther
28,10,43,42,70,0,7,8,-1,0,-1,farther
28,11,15,42,70,0,7,16,16,1,1.04068,closer
28,11,19,42,70,0,8,16,16,1,1.04273,closer
28,11,27,42,70,0,16,18,-1,0,-1,farther
28,11,30,42,70,0,14,16,16,1,1.04359,closer
28,11,39,42,70,0,7,16,16,1,1.04456,closer
28,11,40,42,70,0,7,16,16,1,1.04553,closer
28,11,43,42,70,0,7,16,16,1,1.04653,closer
28,11,44,42,70,0,16,18,-1,0,-1,farther
28,12,8,42,70,0,17,18,18,1,5.34736,closer
28,12,29,42,70,0,18,12,-1,0,-1,farther
28,12,38,42,70,0,17,18,18,1,5.35092,closer
28,13,12,42,70,0,7,15,15,1,0.172265,closer
28,13,20,42,70,0,9,15,15,1,0.173656,closer
28,13,26,42,70,0,9,15,15,1,0.174337,closer
28,13,41,42,70,0,9,15,15,1,0.175108,closer
28,14,18,42,70,0,6,5,5,1,0.879289,closer
28,14,21,42,70,0,5,11,-1,0,-1,farther
28,14,22,42,70,0,3,5,5,1,0.88043,closer
28,14,36,42,70,0,5,0,-1,0,-1,farther
28,15,18,42,70,0,5,3,-1,0,-1,farther
28,15,21,42,70,0,5,11,-1,0,-1,farther
28,15,22,42,70,0,5,3,-1,0,-1,farther
28,15,31,42,70,0,10,5,5,1,1.09901,closer
28,15,36,42,70,0,5,0,-1,0,-1,farther
28,16,9,42,70,0,6,13,13,1,0.467097,closer
28,17,7,42,70,0,10,6,-1,0,-1,farther
28,17,32,42,70,0,10,7,-1,0,-1,farther
28,18,3,42,70,0,3,17,-1,0,-1,farther
28,18,4,42,70,0,3,13,-1,0,-1,farther
28,18,15,42,70,0,16,3,-1,0,-1,closer
28,18,16,42,70,0,3,6,-1,0,-1,farther
28,18,40,42,70,0,16,3,-1,0,-1,closer
28,18,47,42,70,0,8,3,-1,0,-1,closer
28,18,49,42,70,0,3,13,-1,0,-1,farther
28,19,4,42,70,0,3,14,-1,0,-1,closer
28,19,11,42,70,0,14,16,-1,0,-1,farther
28,19,13,42,70,0,14,16,-1,0,-1,farther
28,19,16,42,70,0,3,14,-1,0,-1,closer
28,19,24,42,70,0,14,16,-1,0,-1,farther
28,19,34,42,70,0,14,7,-1,0,-1,farther
28,19,35,42,70,0,14,13,-1,0,-1,farther
28,19,45,42,70,0,14,16,-1,0,-1,farther
29,0,19,42,71,0,0,1,1,1,0.151006,closer
29,0,32,42,71,0,1,14,-1,0,-1,farther
29,0,38,42,71,0,0,1,1,1,0.152148,closer
29,1,10,42,71,0,6,18,18,1,0.20528,closer
29,1,20,42,71,0,10,18,18,1,0.206351,closer
29,1,21,42,71,0,6,18,18,1,0.207293,closer
29,1,25,42,71,0,10,18,18,1,0.208124,closer
29,1,26,42,71,0,6,18,18,1,0.208735,closer
29,1,31,42,71,0,10,18,18,1,0.209956,closer
29,1,37,42,71,0,7,18,18,1,0.210747,closer
29,2,0,42,71,0,15,5,5,1,0.316321,closer
29,2,8,42,71,0,5,2,-1,0,-1,farther
29,2,9,42,71,0,5,1,-1,0,-1,farther
29,2,17,42,71,0,5,12,-1,0,-1,farther
29,2,44,42,71,0,5,2,-1,0,-1,farther
29,2,45,42,71,0,5,12,-1,0,-1,farther
29,3,0,42,71,0,5,15,-1,0,-1,farther
29,3,8,42,71,0,5,2,-1,0,-1,farther
29,3,9,42,71,0,5,1,-1,0,-1,farther
29,3,17,42,71,0,5,12,-1,0,-1,farther
29,3,44,42,71,0,5,2,-1,0,-1,farther
29,3,45,42,71,0,5,12,-1,0,-1,farther
29,4,8,42,71,0,5,13,13,1,0.29342,closer
29,4,14,42,71,0,2,13,13,1,0.294842,closer
29,4,29,42,71,0,13,14,-1,0,-1,farther
29,4,44,42,71,0,5,13,13,1,0.295773,closer
29,5,4,42,71,0,16,13,13,1,1.257,closer
29,5,8,42,71,0,13,2,-1,0,-1,farther
29,5,11,42,71,0,7,13,13,1,1.25997,closer
29,5,14,42,71,0,13,2,-1,0,-1,farther
29,5,15,42,71,0,12,13,13,1,1.26138,closer
29,5,29,42,71,0,13,14,-1,0,-1,farther
29,5,42,42,71,0,7,13,13,1,1.26266,closer
29,5,44,42,71,0,13,2,-1,0,-1,farther
29,6,7,42,71,0,2,14,-1,0,-1,farther
29,6,23,42,71,0,2,14,-1,0,-1,farther
29,6,35,42,71,0,2,12,-1,0,-1,farther
29,7,16,42,71,0,10,19,19,1,1.20835,closer
29,7,20,42,71,0,18,19,19,1,1.21017,closer
29,7,22,42,71,0,10,19,19,1,1.21126,closer
29,7,25,42,71,0,18,19,19,1,1.21234,closer
29,7,28,42,71,0,10,19,19,1,1.21323,closer
29,7,31,42,71,0,18,19,19,1,1.21437,closer
29,7,43,42,71,0,19,5,-1,0,-1,farther
29,8,1,42,71,0,6,18,-1,0,-1,farther
29,8,8,42,71,0,13,6,6,1,0.184912,closer
29,8,35,42,71,0,2,6,6,1,0.186254,closer
29,8,44,42,71,0,13,6,6,1,0.187266,closer
29,8,45,42,71,0,5,6,6,1,0.188778,closer
29,8,47,42,71,0,6,0,-1,0,-1,farther
29,8,48,42,71,0,6,18,-1,0,-1,farther
29,9,5,42,71,0,7,17,17,1,0.530854,closer
29,9,12,42,71,0,7,17,17,1,0.532456,closer
29,9,13,42,71,0,17,10,-1,0,-1,farther
29,9,24,42,71,0,7,17,17,1,0.533267,closer
29,9,37,42,71,0,18,17,17,1,0.534068,closer
29,9,39,42,71,0,7,17,17,1,0.534899,closer
29,9,41,42,71,0,17,10,-1,0,-1,farther
29,10,2,42,71,0,0,18,-1,0,-1,farther
29,10,15,42,71,0,13,0,0,1,0.32239,closer
29,10,42,42,71,0,13,0,0,1,0.323662,closer
29,11,40,42,71,0,11,12,12,1,0.130238,closer
29,12,9,42,71,0,5,12,12,1,0.227179,closer
29,12,17,42,71,0,5,12,12,1,1.33795,closer
29,12,40,42,71,0,12,11,-1,0,-1,farther
29,13,6,42,71,0,7,13,-1,0,-1,farther
29,13,20,42,71,0,19,7,7,1,1.18542,closer
29,13,22,42,71,0,19,7,7,1,1.18728,closer
29,13,25,42,71,0,19,7,7,1,1.18821,closer
29,13,31,42,71,0,19,7,7,1,1.18925,closer
29,13,36,42,71,0,7,17,-1,0,-1,farther
29,14,18,42,71,0,11,8,8,1,2.00185,closer
29,14,34,42,71,0,11,8,8,1,2.0063,closer
29,14,40,42,71,0,12,8,8,1,2.00787,closer
29,15,30,42,71,0,16,14,-1,0,-1,farther
29,16,0,42,71,0,5,16,16,1,0.362235,closer
29,16,30,42,71,0,16,14,-1,0,-1,farther
29,16,42,42,71,0,0,16,16,1,0.363368,closer
29,16,47,42,71,0,6,16,16,1,0.36434,closer
29,17,33,42,71,0,15,5,5,1,9.10296,closer
29,18,6,42,71,0,7,15,-1,0,-1,closer
29,19,10,42,71,0,18,7,-1,0,-1,farther
29,19,21,42,71,0,18,7,-1,0,-1,farther
29,19,26,42,71,0,18,7,-1,0,-1,farther
29,19,29,42,71,0,13,18,-1,0,-1,closer
