seed,trial,trial_seed,num_pubs,num_subs,brake_limit,encrypted,sub_id,sub_lat,sub_lon,optimal_pub_id,optimal_dist,received_pub_id,received_dist,stretch,recall,num_received,latency_ms,latency_per_pub_ms
42,0,42,10,10,4,0,0,86.7168,-101.214,1,63.6232,1,63.6232,1,1,2,112.562,102.149
42,0,42,10,10,4,0,1,-8.20873,6.71545,1,54.2738,1,54.2738,1,1,2,112.563,102.15
42,0,42,10,10,4,0,2,13.2915,19.8832,1,48.5146,1,48.5146,1,1,2,112.564,102.152
42,0,42,10,10,4,0,3,41.1383,46.3946,9,47.2368,9,47.2368,1,1,3,112.572,10.9221
42,0,42,10,10,4,0,4,53.3031,30.1377,1,45.9897,1,45.9897,1,1,2,112.566,102.153
42,0,42,10,10,4,0,5,-40.542,118.655,5,25.3886,5,25.3886,1,1,3,112.573,54.0971
42,0,42,10,10,4,0,6,74.4624,167.545,3,55.2627,3,55.2627,1,1,3,112.574,78.0569
42,0,42,10,10,4,0,7,-44.6247,-136.82,6,12.6427,6,12.6427,1,1,4,112.579,43.3713
42,0,42,10,10,4,0,8,-51.2045,139.912,7,29.7058,7,29.7058,1,1,4,112.58,32.8467
42,0,42,10,10,4,0,9,87.0422,6.18704,1,55.3077,1,55.3077,1,1,2,112.569,102.156
42,1,43,10,10,4,0,0,-81.2576,8.15625,7,17.9095,7,17.9095,1,1,3,111.585,34.6229
42,1,43,10,10,4,0,1,-61.9798,137.927,2,14.1322,2,14.1322,1,1,3,111.586,90.1808
42,1,43,10,10,4,0,2,-35.5547,-168.047,3,55.0813,3,55.0813,1,1,2,111.576,79.9497
42,1,43,10,10,4,0,3,-12.52,116.147,1,30.5435,1,30.5435,1,1,2,111.577,100.439
42,1,43,10,10,4,0,4,69.7657,139.799,5,5.45736,5,5.45736,1,1,3,111.587,55.2139
42,1,43,10,10,4,0,5,69.8343,-79.2949,8,23.494,8,23.494,1,1,4,111.593,23.4971
42,1,43,10,10,4,0,6,-66.621,-43.2769,7,42.8264,7,42.8264,1,1,2,111.58,34.6176
42,1,43,10,10,4,0,7,-85.9185,-83.312,7,32.4873,7,32.4873,1,1,3,111.588,34.6263
42,1,43,10,10,4,0,8,-27.2091,7.42296,4,56.1263,4,56.1263,1,1,3,111.589,65.7267
42,1,43,10,10,4,0,9,-13.4045,163.284,9,34.1051,9,34.1051,1,1,4,111.594,10.3902
42,2,44,10,10,4,0,0,-68.9146,-64.3487,2,16.2565,2,16.2565,1,1,3,108.076,85.8601
42,2,44,10,10,4,0,1,64.522,90.0977,0,27.8968,0,27.8968,1,1,1,108.053,107.922
42,2,44,10,10,4,0,2,-85.4848,4.38132,2,19.8528,2,19.8528,1,1,2,108.066,85.8504
42,2,44,10,10,4,0,3,-65.5038,3.4384,6,32.0849,6,32.0849,1,1,3,108.077,41.669
42,2,44,10,10,4,0,4,86.2687,-108.731,1,37.794,1,37.794,1,1,2,108.068,96.7761
42,2,44,10,10,4,0,5,88.8392,82.4427,3,30.7836,3,30.7836,1,1,2,108.069,75.2301
42,2,44,10,10,4,0,6,63.4645,102.908,3,26.3449,3,26.3449,1,1,2,108.07,75.2312
42,2,44,10,10,4,0,7,52.3669,153.129,3,12.9894,3,12.9894,1,1,2,108.071,75.232
42,2,44,10,10,4,0,8,85.1912,53.4013,3,35.5116,3,35.5116,1,1,2,108.072,75.2334
42,2,44,10,10,4,0,9,67.943,-42.9234,1,58.9364,1,58.9364,1,1,2,108.073,96.781
42,3,45,10,10,4,0,0,-55.178,-133.308,4,32.3901,4,32.3901,1,1,2,115.602,71.1136
42,3,45,10,10,4,0,1,-78.5569,-134.676,2,33.0962,2,33.0962,1,1,2,115.603,92.8558
42,3,45,10,10,4,0,2,-43.2168,-2.05261,7,42.0677,7,42.0677,1,1,5,115.622,37.5587
42,3,45,10,10,4,0,3,63.1763,76.1299,3,25.0164,3,25.0164,1,1,3,115.612,82.5563
42,3,45,10,10,4,0,4,13.5496,-173.659,0,18.5566,0,18.5566,1,1,1,115.594,115.569
42,3,45,10,10,4,0,5,21.132,-113.688,0,39.0936,0,39.0936,1,1,1,115.595,115.57
42,3,45,10,10,4,0,6,-74.5081,-102.968,4,25.5678,4,25.5678,1,1,3,115.613,71.1244
42,3,45,10,10,4,0,7,-77.8934,-146.255,2,36.1413,2,36.1413,1,1,2,115.607,92.8596
42,3,45,10,10,4,0,8,-67.6545,103.321,9,9.15054,9,9.15054,1,1,5,115.623,16.3203
42,3,45,10,10,4,0,9,61.5318,-57.8343,6,59.5202,6,59.5202,1,1,2,115.608,49.1541
42,4,46,10,10,4,0,0,-39.4845,160.252,6,40.8284,6,40.8284,1,1,4,110.425,44.6209
42,4,46,10,10,4,0,1,-40.2155,-174.782,8,30.0996,8,30.0996,1,1,5,110.432,22.3796
42,4,46,10,10,4,0,2,-89.3707,174.757,4,4.88782,4,4.88782,1,1,4,110.427,65.7886
42,4,46,10,10,4,0,3,-75.3735,-27.2269,3,11.493,3,11.493,1,1,2,110.415,77.2723
42,4,46,10,10,4,0,4,-57.3093,-52.0406,3,33.1635,3,33.1635,1,1,2,110.416,77.2731
42,4,46,10,10,4,0,5,45.8948,54.4718,9,55.0106,9,55.0106,1,1,4,110.428,12.148
42,4,46,10,10,4,0,6,61.3679,-122.682,2,19.1309,2,19.1309,1,1,2,110.417,87.626
42,4,46,10,10,4,0,7,-25.6629,103.374,6,24.68,6,24.68,1,1,3,110.423,44.6182
42,4,46,10,10,4,0,8,-36.6682,-20.9331,0,34.4848,0,34.4848,1,1,1,110.408,110.382
42,4,46,10,10,4,0,9,-29.6224,-63.2424,0,60.3704,0,60.3704,1,1,1,110.409,110.383
42,5,47,10,10,4,0,0,62.1345,86.923,0,27.7111,0,27.7111,1,1,1,110.091,110.045
42,5,47,10,10,4,0,1,-5.30866,-44.5458,2,18.4223,2,18.4223,1,1,3,110.111,88.5034
42,5,47,10,10,4,0,2,40.2614,-16.494,6,22.8061,6,22.8061,1,1,4,110.132,45.1102
42,5,47,10,10,4,0,3,50.369,39.1133,6,45.315,6,45.315,1,1,3,110.112,45.0904
42,5,47,10,10,4,0,4,47.0865,56.1175,8,50.8719,8,50.8719,1,1,2,110.105,22.7979
42,5,47,10,10,4,0,5,-25.6329,31.4179,5,10.7613,5,10.7613,1,1,3,110.127,55.6718
42,5,47,10,10,4,0,6,9.32664,22.2643,5,25.4236,5,25.4236,1,1,3,110.128,55.6732
42,5,47,10,10,4,0,7,19.9175,154.412,0,39.7819,0,39.7819,1,1,1,110.098,110.051
42,5,47,10,10,4,0,8,74.9827,18.9791,3,17.5118,3,17.5118,1,1,2,110.108,78.1049
42,5,47,10,10,4,0,9,-41.6726,-91.3305,2,38.4759,2,38.4759,1,1,3,110.129,88.5216
42,6,48,10,10,4,0,0,-15.0686,-163.951,3,35.6387,3,35.6387,1,1,3,112.268,78.6763
42,6,48,10,10,4,0,1,31.1046,88.5367,5,45.1875,5,45.1875,1,1,3,112.269,56.3212
42,6,48,10,10,4,0,2,81.3423,-24.1603,2,31.4833,2,31.4833,1,1,2,112.26,89.6501
42,6,48,10,10,4,0,3,-2.16987,108.88,5,26.2234,5,26.2234,1,1,4,112.276,56.3284
42,6,48,10,10,4,0,4,-26.3884,168.425,6,23.7229,6,23.7229,1,1,4,112.276,46.0184
42,6,48,10,10,4,0,5,-5.13038,-166.585,4,29.3801,4,29.3801,1,1,3,112.271,67.3738
42,6,48,10,10,4,0,6,-40.2117,-7.96741,8,41.556,8,41.556,1,1,3,112.272,23.4676
42,6,48,10,10,4,0,7,-21.511,-148.516,3,20.3773,3,20.3773,1,1,3,112.272,78.681
42,6,48,10,10,4,0,8,-80.4966,65.9669,1,14.1024,1,14.1024,1,1,2,112.265,99.95
42,6,48,10,10,4,0,9,-50.0878,67.4277,9,6.56803,9,6.56803,1,1,5,112.283,13.2091
42,7,49,10,10,4,0,0,-2.60847,-54.3541,9,14.9687,9,14.9687,1,1,4,112.727,11.5229
42,7,49,10,10,4,0,1,66.7742,40.6489,5,33.3359,5,33.3359,1,1,4,112.728,55.3645
42,7,49,10,10,4,0,2,-57.2801,-33.4466,0,34.2265,0,34.2265,1,1,1,112.062,112.035
42,7,49,10,10,4,0,3,-55.3792,-0.639359,0,45.0643,0,45.0643,1,1,1,112.063,112.036
42,7,49,10,10,4,0,4,79.2694,98.9351,5,9.22339,5,9.22339,1,1,5,112.735,55.3716
42,7,49,10,10,4,0,5,-74.2164,173.591,0,56.0402,0,56.0402,1,1,1,112.066,112.038
42,7,49,10,10,4,0,6,89.0743,-37.2933,5,24.5684,5,24.5684,1,1,4,112.73,55.3661
42,7,49,10,10,4,0,7,-63.8732,85.5427,0,57.0545,0,57.0545,1,1,1,112.068,112.04
42,7,49,10,10,4,0,8,34.4963,111.093,8,35.6539,3,36.4653,1.02276,0,3,112.083,77.2784
42,7,49,10,10,4,0,9,29.598,-132.899,2,49.5343,2,49.5343,1,1,3,112.084,87.5982
42,8,50,10,10,4,0,0,7.2562,-133.055,4,58.7056,4,58.7056,1,1,4,111.061,67.4863
42,8,50,10,10,4,0,1,-79.7569,166.941,7,6.08905,7,6.08905,1,1,3,111.055,34.9346
42,8,50,10,10,4,0,2,-20.8753,131.649,1,57.41,1,57.41,1,1,2,111.045,100.372
42,8,50,10,10,4,0,3,-21.8553,57.9894,8,25.9728,8,25.9728,1,1,5,111.067,24.644
42,8,50,10,10,4,0,4,1.34405,22.0895,5,14.6095,5,14.6095,1,1,3,111.056,56.5561
42,8,50,10,10,4,0,5,29.6747,-35.3563,2,32.9218,2,32.9218,1,1,2,111.048,89.1519
42,8,50,10,10,4,0,6,-55.7995,96.824,7,34.8741,7,34.8741,1,1,3,111.057,34.9369
42,8,50,10,10,4,0,7,-22.0248,130.13,1,56.7758,1,56.7758,1,1,2,111.05,100.376
42,8,50,10,10,4,0,8,-40.2192,-38.4184,9,41.7383,9,41.7383,1,1,6,111.072,10.4959
42,8,50,10,10,4,0,9,-76.1506,4.1145,9,2.80283,9,2.80283,1,1,4,111.063,10.4871
42,9,51,10,10,4,0,0,24.1433,166.047,8,18.1856,8,18.1856,1,1,4,118.038,22.9551
42,9,51,10,10,4,0,1,-38.4667,129.722,2,40.4484,2,40.4484,1,1,3,118.03,96.237
42,9,51,10,10,4,0,2,-63.8789,135.751,4,19.4185,4,19.4185,1,1,4,118.038,70.1525
42,9,51,10,10,4,0,3,-68.6358,-38.2294,4,39.4853,4,39.4853,1,1,3,118.032,70.1456
42,9,51,10,10,4,0,4,-65.036,148.097,4,20.3512,4,20.3512,1,1,4,118.039,70.1532
42,9,51,10,10,4,0,5,-31.5302,143.737,7,37.2387,7,37.2387,1,1,4,118.04,36.3949
42,9,51,10,10,4,0,6,82.8242,-93.7961,3,22.7073,3,22.7073,1,1,3,118.034,83.9258
42,9,51,10,10,4,0,7,36.8363,-153.313,0,12.1508,0,12.1508,1,1,1,118.014,117.983
42,9,51,10,10,4,0,8,85.8893,33.3155,1,17.1675,1,17.1675,1,1,2,118.026,106.955
42,9,51,10,10,4,0,9,-72.9197,-169.752,4,62.8458,4,62.8458,1,1,3,118.035,70.1493
42,10,52,10,10,4,0,0,34.6818,92.1363,6,36.2107,6,36.2107,1,1,3,108.567,41.2965
42,10,52,10,10,4,0,1,-4.63147,-102.739,8,18.6814,8,18.6814,1,1,3,108.568,20.758
42,10,52,10,10,4,0,2,65.3744,-57.8611,3,22.2319,3,22.2319,1,1,2,108.557,74.9628
42,10,52,10,10,4,0,3,55.4386,-152.893,9,45.3907,9,45.3907,1,1,4,108.576,10.3326
42,10,52,10,10,4,0,4,-51.9336,72.1634,2,46.6876,2,46.6876,1,1,2,108.56,85.3389
42,10,52,10,10,4,0,5,-13.7297,117.863,5,18.4311,5,18.4311,1,1,3,108.57,52.349
42,10,52,10,10,4,0,6,-61.7054,49.347,7,37.4257,7,37.4257,1,1,4,108.576,31.0148
42,10,52,10,10,4,0,7,80.8848,-108.281,9,9.28816,9,9.28816,1,1,3,108.572,10.3293
42,10,52,10,10,4,0,8,16.3323,69.9051,6,44.7664,6,44.7664,1,1,3,108.573,41.3021
42,10,52,10,10,4,0,9,1.43433,-21.0624,0,20.1629,0,20.1629,1,1,1,108.552,108.526
42,11,53,10,10,4,0,0,49.756,25.4478,3,32.0362,3,32.0362,1,1,2,112.503,78.9535
42,11,53,10,10,4,0,1,34.4419,-144.148,5,51.2386,5,51.2386,1,1,4,112.518,57.3984
42,11,53,10,10,4,0,2,-71.0488,-59.2647,9,35.3474,9,35.3474,1,1,4,112.519,10.3818
42,11,53,10,10,4,0,3,-83.7736,-77.1598,9,42.1317,9,42.1317,1,1,4,112.52,10.3827
42,11,53,10,10,4,0,4,-31.7248,-167.507,5,116.495,5,116.495,1,1,4,112.521,57.4012
42,11,53,10,10,4,0,5,10.3469,-71.4764,1,52.1252,1,52.1252,1,1,2,112.507,101.277
42,11,53,10,10,4,0,6,73.5844,-152.305,5,11.3381,5,11.3381,1,1,3,112.515,57.3953
42,11,53,10,10,4,0,7,44.5502,140.393,4,25.3052,4,25.3052,1,1,2,112.509,68.2009
42,11,53,10,10,4,0,8,-43.9886,-51.1253,9,41.2524,9,41.2524,1,1,3,112.516,10.3783
42,11,53,10,10,4,0,9,-0.0247498,150.12,4,32.6078,4,32.6078,1,1,2,112.51,68.2025
42,12,54,10,10,4,0,0,-29.7296,127.826,0,22.7879,0,22.7879,1,1,1,116.066,116.042
42,12,54,10,10,4,0,1,67.0308,163.419,3,17.034,3,17.034,1,1,3,116.083,78.3941
42,12,54,10,10,4,0,2,-33.8738,103.792,0,3.74159,0,3.74159,1,1,1,116.068,116.044
42,12,54,10,10,4,0,3,-49.6592,-16.4312,2,37.9568,2,37.9568,1,1,2,116.077,89.5662
42,12,54,10,10,4,0,4,69.195,-63.3537,4,22.7465,4,22.7465,1,1,4,116.087,67.7398
42,12,54,10,10,4,0,5,-64.379,-102.976,2,68.7187,2,68.7187,1,1,2,116.079,89.5679
42,12,54,10,10,4,0,6,-70.9367,165.358,0,57.0051,0,57.0051,1,1,1,116.071,116.047
42,12,54,10,10,4,0,7,85.0266,5.25864,4,2.36195,4,2.36195,1,1,4,116.088,67.7404
42,12,54,10,10,4,0,8,-26.4838,156.511,0,48.506,0,48.506,1,1,1,116.073,116.049
42,12,54,10,10,4,0,9,-15.9284,-67.416,2,27.9428,2,27.9428,1,1,2,116.081,89.5695
42,13,55,10,10,4,0,0,76.4034,64.3724,8,14.4716,8,14.4716,1,1,3,108.25,20.7349
42,13,55,10,10,4,0,1,-72.9153,124.413,9,2.65436,9,2.65436,1,1,3,108.25,10.4658
42,13,55,10,10,4,0,2,11.6386,104.853,7,22.2119,7,22.2119,1,1,3,108.251,31.0007
42,13,55,10,10,4,0,3,-7.50504,-116.089,3,24.0724,3,24.0724,1,1,2,108.242,75.1698
42,13,55,10,10,4,0,4,0.952293,60.0945,7,25.878,7,25.878,1,1,3,108.252,31.0015
42,13,55,10,10,4,0,5,52.4268,71.5729,8,41.1973,8,41.1973,1,1,3,108.253,20.7382
42,13,55,10,10,4,0,6,66.1405,-29.8584,8,15.7796,8,15.7796,1,1,4,108.258,20.7432
42,13,55,10,10,4,0,7,-38.8717,78.0545,7,39.4051,7,39.4051,1,1,3,108.254,31.0036
42,13,55,10,10,4,0,8,6.97221,41.5707,1,18.8782,1,18.8782,1,1,2,108.246,96.7006
42,13,55,10,10,4,0,9,75.0049,-67.4042,8,14.5362,8,14.5362,1,1,4,108.259,20.7441
42,14,56,10,10,4,0,0,-0.986343,174.423,6,87.2973,6,87.2973,1,1,5,109.88,43.3772
42,14,56,10,10,4,0,1,-36.8786,-103.093,7,35.3169,7,35.3169,1,1,3,109.868,31.9597
42,14,56,10,10,4,0,2,53.2691,-83.5496,8,31.3324,8,31.3324,1,1,5,109.881,21.5191
42,14,56,10,10,4,0,3,-60.4718,-45.0428,2,22.5171,2,22.5171,1,1,2,109.862,88.8058
42,14,56,10,10,4,0,4,17.1387,-8.77826,3,18.4657,3,18.4657,1,1,3,109.87,78.1922
42,14,56,10,10,4,0,5,-16.3414,53.0051,4,38.6238,4,38.6238,1,1,4,109.876,67.9546
42,14,56,10,10,4,0,6,15.8186,121.534,4,43.4134,4,43.4134,1,1,4,109.877,67.9556
42,14,56,10,10,4,0,7,-80.4925,133.107,0,44.7053,0,44.7053,1,1,1,109.854,109.828
42,14,56,10,10,4,0,8,-57.6263,88.4366,4,72.6912,4,72.6912,1,1,2,109.865,67.9439
42,14,56,10,10,4,0,9,-24.6805,93.2076,4,42.2742,4,42.2742,1,1,4,109.877,67.9562
42,15,57,10,10,4,0,0,-77.9966,-76.2527,3,34.2572,3,34.2572,1,1,3,112.292,80.4527
42,15,57,10,10,4,0,1,-89.4926,-149.391,3,24.645,3,24.645,1,1,3,112.293,80.4534
42,15,57,10,10,4,0,2,-85.586,-88.9676,3,24.5447,3,24.5447,1,1,3,112.293,80.4541
42,15,57,10,10,4,0,3,-22.5451,24.7703,2,61.7229,2,61.7229,1,1,2,112.285,90.9647
42,15,57,10,10,4,0,4,34.9497,-75.135,1,19.473,1,19.473,1,1,2,112.286,101.335
42,15,57,10,10,4,0,5,4.14062,37.9136,2,37.8429,2,37.8429,1,1,2,112.286,90.9662
42,15,57,10,10,4,0,6,57.2063,-88.8247,1,16.9725,1,16.9725,1,1,2,112.287,101.337
42,15,57,10,10,4,0,7,59.7099,12.6802,8,5.7019,8,5.7019,1,1,2,112.288,26.2184
42,15,57,10,10,4,0,8,56.7948,139.039,7,39.2995,7,39.2995,1,1,2,112.289,36.5645
42,15,57,10,10,4,0,9,-31.4443,-108.276,9,26.9041,9,26.9041,1,1,5,112.307,14.4632
42,16,58,10,10,4,0,0,24.2142,-149.806,1,109.363,1,109.363,1,1,2,105.995,95.4118
42,16,58,10,10,4,0,1,-54.639,162.249,4,14.952,4,14.952,1,1,3,106.005,64.497
42,16,58,10,10,4,0,2,43.9822,-100.471,3,73.3683,3,73.3683,1,1,3,106.006,74.8184
42,16,58,10,10,4,0,3,-75.9833,-88.8688,5,12.5651,5,12.5651,1,1,3,106.007,54.2274
42,16,58,10,10,4,0,4,-40.8693,34.9095,6,35.5773,6,35.5773,1,1,6,106.017,41.953
42,16,58,10,10,4,0,5,-67.2697,-165.781,1,17.1379,1,17.1379,1,1,2,106,95.4165
42,16,58,10,10,4,0,6,6.23489,-123.349,1,96.1089,1,96.1089,1,1,2,106.001,95.4178
42,16,58,10,10,4,0,7,-75.1512,-113.892,1,12.898,1,12.898,1,1,2,106.002,95.4186
42,16,58,10,10,4,0,8,78.9071,177.796,0,32.2242,0,32.2242,1,1,1,105.991,105.963
42,16,58,10,10,4,0,9,47.8187,-134.932,3,84.0937,3,84.0937,1,1,3,106.008,74.8207
42,17,59,10,10,4,0,0,-51.6879,-38.4627,3,11.5775,3,11.5775,1,1,3,107.27,73.949
42,17,59,10,10,4,0,1,73.3162,118.498,4,25.5066,4,25.5066,1,1,2,107.259,63.596
42,17,59,10,10,4,0,2,86.3866,-104.53,4,4.52787,4,4.52787,1,1,3,107.271,63.6074
42,17,59,10,10,4,0,3,-36.5989,-15.9318,9,16.378,9,16.378,1,1,4,107.28,10.3279
42,17,59,10,10,4,0,4,-22.2375,151.878,0,48.2694,0,48.2694,1,1,1,107.25,107.217
42,17,59,10,10,4,0,5,-44.8625,1.13618,9,18.1122,9,18.1122,1,1,5,107.287,10.3356
42,17,59,10,10,4,0,6,49.5127,31.0094,4,42.4465,4,42.4465,1,1,3,107.274,63.6108
42,17,59,10,10,4,0,7,66.2922,129.969,4,37.9876,4,37.9876,1,1,2,107.264,63.6011
42,17,59,10,10,4,0,8,-73.7997,-128.508,5,27.2261,5,27.2261,1,1,4,107.282,53.2801
42,17,59,10,10,4,0,9,-46.5169,-149.46,7,40.1949,7,40.1949,1,1,6,107.296,31.6453
42,18,60,10,10,4,0,0,-38.9928,-108.153,2,47.8616,2,47.8616,1,1,3,111.612,85.6673
42,18,60,10,10,4,0,1,-70.62,-108.828,2,16.1693,2,16.1693,1,1,3,111.613,85.668
42,18,60,10,10,4,0,2,-51.8222,-112.855,2,35.1926,2,35.1926,1,1,3,111.613,85.6688
42,18,60,10,10,4,0,3,0.529305,55.5082,9,7.89447,9,7.89447,1,1,4,111.62,10.3342
42,18,60,10,10,4,0,4,84.0036,-96.7961,0,3.47665,0,3.47665,1,1,1,111.596,111.569
42,18,60,10,10,4,0,5,66.6076,162.721,8,22.3577,8,22.3577,1,1,3,111.615,20.5996
42,18,60,10,10,4,0,6,-0.705124,-177.026,3,63.5564,3,63.5564,1,1,3,111.616,75.4198
42,18,60,10,10,4,0,7,24.7767,5.2393,9,52.1801,9,52.1801,1,1,4,111.621,10.3352
42,18,60,10,10,4,0,8,-48.058,-81.3553,2,39.2157,2,39.2157,1,1,3,111.617,85.6728
42,18,60,10,10,4,0,9,33.9118,11.9527,7,48.009,7,48.009,1,1,3,111.618,31.4158
42,19,61,10,10,4,0,0,64.6842,-178.354,6,19.8086,6,19.8086,1,1,2,109.283,45.2187
42,19,61,10,10,4,0,1,55.6931,26.2552,1,25.6266,1,25.6266,1,1,2,109.284,98.2017
42,19,61,10,10,4,0,2,79.7583,-120.841,6,2.84165,6,2.84165,1,1,3,109.294,45.2293
42,19,61,10,10,4,0,3,-50.8855,126.69,8,50.6461,8,50.6461,1,1,5,109.309,23.2148
42,19,61,10,10,4,0,4,10.3071,-161.993,0,63.6097,0,63.6097,1,1,1,109.276,109.245
42,19,61,10,10,4,0,5,88.0781,-35.8434,3,4.64146,3,4.64146,1,1,4,109.302,77.1528
42,19,61,10,10,4,0,6,-48.8766,155.322,8,62.1931,8,62.1931,1,1,5,109.31,23.2158
42,19,61,10,10,4,0,7,73.0179,-114.735,6,8.69977,6,8.69977,1,1,2,109.289,45.2244
42,19,61,10,10,4,0,8,-21.8556,144.911,8,94.5039,8,94.5039,1,1,5,109.31,23.2165
42,19,61,10,10,4,0,9,-62.9331,175.017,8,47.0604,8,47.0604,1,1,5,109.311,23.2177
42,20,62,10,10,4,0,0,-12.6248,-70.7278,4,30.5559,4,30.5559,1,1,3,108.744,66.7463
42,20,62,10,10,4,0,1,-88.8513,159.039,9,130.139,9,130.139,1,1,4,108.909,10.5264
42,20,62,10,10,4,0,2,30.0234,-130.895,5,49.3896,5,49.3896,1,1,3,108.745,56.3613
42,20,62,10,10,4,0,3,-13.6403,-165.304,5,26.5477,5,26.5477,1,1,3,108.746,56.3621
42,20,62,10,10,4,0,4,25.3602,-50.3139,8,14.3846,8,14.3846,1,1,4,108.91,20.797
42,20,62,10,10,4,0,5,17.639,-57.4414,8,20.2798,8,20.2798,1,1,5,108.916,20.8033
42,20,62,10,10,4,0,6,81.1313,-56.9115,6,42.3523,6,42.3523,1,1,3,108.748,41.4187
42,20,62,10,10,4,0,7,-60.5849,-58.9581,4,56.1302,4,56.1302,1,1,3,108.749,66.751
42,20,62,10,10,4,0,8,1.60762,-173.315,5,9.35066,5,9.35066,1,1,3,108.749,56.3652
42,20,62,10,10,4,0,9,-72.2597,151.549,1,121.095,1,121.095,1,1,2,108.741,98.4237
42,21,63,10,10,4,0,0,-0.403336,37.0936,1,16.3765,1,16.3765,1,1,2,108.158,97.5919
42,21,63,10,10,4,0,1,37.5001,110.865,7,44.055,7,44.055,1,1,4,108.176,31.8694
42,21,63,10,10,4,0,2,-19.7159,41.243,1,29.4344,1,29.4344,1,1,2,108.16,97.594
42,21,63,10,10,4,0,3,23.1424,-97.5772,0,78.9263,0,78.9263,1,1,1,108.149,108.122
42,21,63,10,10,4,0,4,41.7299,60.543,3,30.7561,3,30.7561,1,1,3,108.17,76.5887
42,21,63,10,10,4,0,5,-53.1146,-75.9254,9,62.8519,9,62.8519,1,1,4,108.177,10.3937
42,21,63,10,10,4,0,6,30.8251,89.7927,5,35.251,5,35.251,1,1,3,108.171,56.0048
42,21,63,10,10,4,0,7,77.6243,176.504,7,6.52178,7,6.52178,1,1,4,108.177,31.8709
42,21,63,10,10,4,0,8,24.2768,52.6105,5,14.4645,5,14.4645,1,1,3,108.173,56.0063
42,21,63,10,10,4,0,9,8.48747,125.87,2,42.9523,2,42.9523,1,1,3,108.173,86.9163
42,22,64,10,10,4,0,0,14.1056,151.452,4,14.2844,4,14.2844,1,1,3,105.834,64.4847
42,22,64,10,10,4,0,1,76.2757,67.9794,1,37.2156,1,37.2156,1,1,2,105.827,95.5647
42,22,64,10,10,4,0,2,-65.5662,-140.628,2,21.7465,2,21.7465,1,1,2,105.828,85.108
42,22,64,10,10,4,0,3,62.9887,-20.6289,8,52.5995,8,52.5995,1,1,5,105.843,21.8774
42,22,64,10,10,4,0,4,61.801,-1.478,8,59.2968,8,59.2968,1,1,5,105.843,21.8783
42,22,64,10,10,4,0,5,-28.4192,-85.272,9,14.8655,9,14.8655,1,1,4,105.84,10.5358
42,22,64,10,10,4,0,6,-15.3254,-110.664,2,38.4591,2,38.4591,1,1,2,105.831,85.1111
42,22,64,10,10,4,0,7,-48.5361,61.7086,0,83.2963,0,83.2963,1,1,1,105.821,105.786
42,22,64,10,10,4,0,8,-35.5129,112.384,0,40.726,0,40.726,1,1,1,105.822,105.787
42,22,64,10,10,4,0,9,4.97277,117.863,3,14.129,3,14.129,1,1,2,105.832,74.8311
42,23,65,10,10,4,0,0,27.0233,-98.7449,2,33.3186,2,33.3186,1,1,2,107.255,85.9959
42,23,65,10,10,4,0,1,-67.0162,-158.657,3,62.4523,3,62.4523,1,1,2,107.256,75.6676
42,23,65,10,10,4,0,2,65.9028,32.4463,1,62.0682,1,62.0682,1,1,2,107.257,96.6276
42,23,65,10,10,4,0,3,10.6174,-129.977,3,21.2871,3,21.2871,1,1,3,107.266,75.6766
42,23,65,10,10,4,0,4,78.7877,111.237,4,28.9696,4,28.9696,1,1,3,107.266,65.1654
42,23,65,10,10,4,0,5,-7.41453,-102.132,3,23.2577,3,23.2577,1,1,2,107.26,75.6711
42,23,65,10,10,4,0,6,-64.6124,-139.761,0,54.5142,0,54.5142,1,1,1,107.248,107.222
42,23,65,10,10,4,0,7,-89.2616,119.411,9,2.7226,9,2.7226,1,1,2,107.261,11.6601
42,23,65,10,10,4,0,8,-10.3544,-18.9095,7,38.7589,7,38.7589,1,1,2,107.262,32.5665
42,23,65,10,10,4,0,9,86.9565,-81.9487,8,44.0626,8,44.0626,1,1,4,107.274,22.1984
42,24,66,10,10,4,0,0,38.7272,6.43269,4,18.8732,4,18.8732,1,1,3,119.784,75.1371
42,24,66,10,10,4,0,1,57.5121,-28.1598,6,23.6076,6,23.6076,1,1,6,119.796,54.1697
42,24,66,10,10,4,0,2,-75.3031,20.1271,5,9.04389,5,9.04389,1,1,2,119.777,64.6891
42,24,66,10,10,4,0,3,46.5368,114.505,8,34.4478,8,34.4478,1,1,4,119.79,23.049
42,24,66,10,10,4,0,4,2.45468,39.8367,4,28.8825,4,28.8825,1,1,3,119.786,75.1396
42,24,66,10,10,4,0,5,10.0418,52.8755,4,34.5564,4,34.5564,1,1,2,119.779,75.1321
42,24,66,10,10,4,0,6,-26.3962,-177.005,1,37.2239,1,37.2239,1,1,2,119.779,106.655
42,24,66,10,10,4,0,7,45.0569,171.007,8,36.6919,8,36.6919,1,1,4,119.791,23.0496
42,24,66,10,10,4,0,8,-79.8646,-162.226,5,49.6516,5,49.6516,1,1,3,119.788,64.7
42,24,66,10,10,4,0,9,-14.8178,67.5455,0,53.3776,0,53.3776,1,1,1,119.772,119.745
42,25,67,10,10,4,0,0,49.3447,111.776,2,42.7795,2,42.7795,1,1,3,108.072,86.3522
42,25,67,10,10,4,0,1,1.99654,-80.2508,9,23.0839,0,45.239,1.95976,0,1,108.055,108.028
42,25,67,10,10,4,0,2,53.4735,7.92285,4,76.1043,4,76.1043,1,1,4,108.077,64.157
42,25,67,10,10,4,0,3,-9.06491,-1.34044,6,32.2216,1,43.3902,1.34662,0,2,108.066,97.3766
42,25,67,10,10,4,0,4,16.3035,-35.093,6,45.3305,1,61.5064,1.35684,0,2,108.067,97.3772
42,25,67,10,10,4,0,5,-62.8706,-151.459,3,25.5541,3,25.5541,1,1,2,108.068,74.6058
42,25,67,10,10,4,0,6,9.79848,-35.54,6,38.9744,1,55.0746,1.4131,0,2,108.069,97.3788
42,25,67,10,10,4,0,7,-0.126968,-141.966,0,16.7621,0,16.7621,1,1,1,108.06,108.033
42,25,67,10,10,4,0,8,-60.3842,55.8256,4,48.1943,4,48.1943,1,1,3,108.074,64.1539
42,25,67,10,10,4,0,9,-29.1372,34.0843,4,21.2189,4,21.2189,1,1,3,108.075,64.1547
42,26,68,10,10,4,0,0,66.7765,-129.851,0,10.4416,0,10.4416,1,1,1,116.002,115.974
42,26,68,10,10,4,0,1,43.2949,63.8791,8,59.4177,8,59.4177,1,1,3,116.024,25.6625
42,26,68,10,10,4,0,2,-79.8976,11.8587,3,5.28004,3,5.28004,1,1,3,116.025,81.087
42,26,68,10,10,4,0,3,34.9748,-98.2606,1,24.937,1,24.937,1,1,2,116.017,104.632
42,26,68,10,10,4,0,4,39.7224,92.8739,2,61.5062,2,61.5062,1,1,2,116.017,91.9892
42,26,68,10,10,4,0,5,55.6177,26.936,8,29.6126,8,29.6126,1,1,3,116.026,25.6642
42,26,68,10,10,4,0,6,59.5732,-46.6151,8,11.5726,8,11.5726,1,1,3,116.027,25.6649
42,26,68,10,10,4,0,7,58.2037,117.249,2,35.2626,2,35.2626,1,1,2,116.02,91.9916
42,26,68,10,10,4,0,8,-24.3788,126.066,4,41.0685,4,41.0685,1,1,5,116.037,68.7515
42,26,68,10,10,4,0,9,-24.3976,40.3729,4,40.8458,4,40.8458,1,1,4,116.032,68.7469
42,27,69,10,10,4,0,0,-11.6095,-22.3427,4,76.1274,4,76.1274,1,1,3,109.775,66.0556
42,27,69,10,10,4,0,1,78.2782,14.0464,8,11.4197,8,11.4197,1,1,3,109.776,23.5446
42,27,69,10,10,4,0,2,-39.7823,0.885086,4,53.3186,4,53.3186,1,1,4,109.783,66.0633
42,27,69,10,10,4,0,3,70.6481,149.182,2,21.3902,2,21.3902,1,1,2,109.768,87.2169
42,27,69,10,10,4,0,4,-35.6605,-159.185,9,17.0039,9,17.0039,1,1,6,109.792,13.0619
42,27,69,10,10,4,0,5,74.7109,-175.461,7,19.3399,7,19.3399,1,1,4,109.784,33.7556
42,27,69,10,10,4,0,6,-82.6194,99.7117,4,23.7691,4,23.7691,1,1,3,109.78,66.0603
42,27,69,10,10,4,0,7,14.2483,167.896,0,24.2969,0,24.2969,1,1,1,109.759,109.718
42,27,69,10,10,4,0,8,-1.97061,167.246,0,40.4061,0,40.4061,1,1,1,109.761,109.72
42,27,69,10,10,4,0,9,53.315,13.9217,1,12.8962,1,12.8962,1,1,2,109.772,98.3475
42,28,70,10,10,4,0,0,-87.7003,88.4416,1,30.9978,1,30.9978,1,1,2,107.076,96.2776
42,28,70,10,10,4,0,1,25.7885,149.819,0,14.5069,0,14.5069,1,1,1,107.064,107.032
42,28,70,10,10,4,0,2,2.30586,-4.23936,8,31.0997,8,31.0997,1,1,6,107.1,21.6954
42,28,70,10,10,4,0,3,-70.2697,-138.598,3,25.0123,3,25.0123,1,1,3,107.086,75.3879
42,28,70,10,10,4,0,4,72.3382,137.015,5,51.8796,5,51.8796,1,1,2,107.078,53.5868
42,28,70,10,10,4,0,5,6.71119,-10.0421,8,25.1535,8,25.1535,1,1,6,107.101,21.6964
42,28,70,10,10,4,0,6,50.1708,73.1427,5,38.2658,5,38.2658,1,1,2,107.08,53.5883
42,28,70,10,10,4,0,7,-25.1889,-129.48,3,20.5354,3,20.5354,1,1,3,107.088,75.3894
42,28,70,10,10,4,0,8,24.7916,38.8798,6,15.5268,6,15.5268,1,1,3,107.089,43.0816
42,28,70,10,10,4,0,9,-41.8022,178.17,2,24.7939,2,24.7939,1,1,3,107.09,85.9803
42,29,71,10,10,4,0,0,-76.5468,13.8016,9,54.6179,9,54.6179,1,1,3,108.601,10.2337
42,29,71,10,10,4,0,1,-30.1988,98.8989,8,20.5008,8,20.5008,1,1,5,108.614,20.6766
42,29,71,10,10,4,0,2,41.1886,-17.6359,5,16.677,5,16.677,1,1,4,108.609,53.3216
42,29,71,10,10,4,0,3,54.7528,106.028,2,30.7255,2,30.7255,1,1,3,108.603,87.0711
42,29,71,10,10,4,0,4,85.4521,63.3788,1,1.97447,1,1.97447,1,1,2,108.594,97.507
42,29,71,10,10,4,0,5,24.2013,-36.1479,5,18.756,5,18.756,1,1,2,108.595,53.3075
42,29,71,10,10,4,0,6,87.0116,35.8315,1,4.47791,1,4.47791,1,1,2,108.596,97.5087
42,29,71,10,10,4,0,7,-71.4179,98.7752,9,25.8088,9,25.8088,1,1,5,108.616,10.2488
42,29,71,10,10,4,0,8,-44.8594,74.5164,8,16.9468,8,16.9468,1,1,5,108.617,20.6788
42,29,71,10,10,4,0,9,34.419,147.063,3,15.9699,3,15.9699,1,1,3,108.606,74.714
