trial,num_pubs,num_subs,brake_limit,sub_id,sub_lat,sub_lon,sub_broker,optimal_pub_id,optimal_dist,received,received_pub_id,received_dist,stretch,recall
0,20,50,1,0,74.4421,-54.5183,1,10,14.4598,1,10,14.4598,1,1
0,20,50,1,1,-39.1379,-96.6861,1,2,14.5086,1,2,14.5086,1,1
0,20,50,1,2,-2.82805,-39.8475,1,1,38.8805,1,1,38.8805,1,1
0,20,50,1,3,88.5778,23.7459,2,19,1.67586,1,19,1.67586,1,1
0,20,50,1,4,79.2484,20.4303,2,19,7.97704,1,19,7.97704,1,1
0,20,50,1,5,-34.3383,151.93,2,18,19.0343,1,18,19.0343,1,1
0,20,50,1,6,49.6081,94.9059,2,13,35.1152,1,13,35.1152,1,1
0,20,50,1,7,-10.6771,-54.2007,1,1,51.8334,1,1,51.8334,1,1
0,20,50,1,8,-32.6055,-119.078,1,6,10.151,1,6,10.151,1,1
0,20,50,1,9,86.097,-138.605,1,10,2.4239,1,10,2.4239,1,1
0,20,50,1,10,45.5301,-88.8902,1,10,41.4877,1,10,41.4877,1,1
0,20,50,1,11,80.0252,59.985,2,19,9.27065,1,19,9.27065,1,1
0,20,50,1,12,-50.6727,-109.199,1,2,12.1101,1,2,12.1101,1,1
0,20,50,1,13,51.5826,-23.7544,1,1,17.5334,1,1,17.5334,1,1
0,20,50,1,14,-74.6437,97.2496,2,7,3.98853,1,7,3.98853,1,1
0,20,50,1,15,81.2163,179.597,2,16,7.21532,1,16,7.21532,1,1
0,20,50,1,16,-68.6344,-95.8432,1,2,16.0226,1,2,16.0226,1,1
0,20,50,1,17,-48.5447,37.0752,2,8,28.1695,1,8,28.1695,1,1
0,20,50,1,18,22.1547,-99.9337,1,6,63.1167,1,6,63.1167,1,1
0,20,50,1,19,-59.5895,22.806,2,8,15.8025,1,8,15.8025,1,1
0,20,50,1,20,50.2483,-7.85559,1,1,21.7697,1,1,21.7697,1,1
0,20,50,1,21,-2.63178,19.7129,2,11,14.09,1,11,14.09,1,1
0,20,50,1,22,-46.4749,153.382,2,18,10.0486,1,18,10.0486,1,1
0,20,50,1,23,72.7561,21.8393,2,19,14.5474,1,19,14.5474,1,1
0,20,50,1,24,-72.8476,137.706,2,7,13.8426,1,7,13.8426,1,1
0,20,50,1,25,31.6172,125.365,2,3,8.56684,1,3,8.56684,1,1
0,20,50,1,26,-65.592,43.2849,2,8,12.8027,1,8,12.8027,1,1
0,20,50,1,27,2.67494,-52.5295,1,1,39.3245,1,1,39.3245,1,1
0,20,50,1,28,57.0429,-71.4849,1,10,31.081,1,10,31.081,1,1
0,20,50,1,29,51.8581,144.798,2,16,24.828,1,16,24.828,1,1
0,20,50,1,30,-77.1177,86.1488,2,7,6.67941,1,7,6.67941,1,1
0,20,50,1,31,72.1976,-111.504,1,10,14.6408,1,10,14.6408,1,1
0,20,50,1,32,85.1528,-132.694,1,10,2.72516,1,10,2.72516,1,1
0,20,50,1,33,52.7855,34.615,2,14,2.74103,1,14,2.74103,1,1
0,20,50,1,34,-26.3139,166.392,2,18,32.3408,1,18,32.3408,1,1
0,20,50,1,35,-61.2895,-132.131,1,17,16.9024,1,17,16.9024,1,1
0,20,50,1,36,-10.7317,52.1574,2,12,40.2271,1,12,40.2271,1,1
0,20,50,1,37,33.7908,65.5869,2,13,16.9128,1,13,16.9128,1,1
0,20,50,1,38,12.7698,33.0939,2,12,12.8811,1,12,12.8811,1,1
0,20,50,1,39,-46.2869,59.8444,2,7,30.2504,1,7,30.2504,1,1
0,20,50,1,40,-4.60001,150.661,2,3,35.0725,1,3,35.0725,1,1
0,20,50,1,41,2.60466,39.6159,2,12,22.2743,1,12,22.2743,1,1
0,20,50,1,42,6.97273,-169.441,1,4,42.7024,1,4,42.7024,1,1
0,20,50,1,43,83.5432,-51.9687,1,10,5.2488,1,10,5.2488,1,1
0,20,50,1,44,-30.4628,90.8026,2,5,7.45916,1,5,7.45916,1,1
0,20,50,1,45,-43.5851,-35.161,1,2,37.6637,1,2,37.6637,1,1
0,20,50,1,46,-1.52432,-122.775,1,6,32.2659,1,6,32.2659,1,1
0,20,50,1,47,16.6675,-12.743,1,1,22.332,1,1,22.332,1,1
0,20,50,1,48,-37.7346,-41.094,1,2,37.5519,1,2,37.5519,1,1
0,20,50,1,49,-79.064,51.9029,2,8,8.34326,1,8,8.34326,1,1
1,20,50,1,0,32.0798,-0.599747,1,2,34.5647,1,2,34.5647,1,1
1,20,50,1,1,37.3964,-68.3319,1,13,26.819,1,13,26.819,1,1
1,20,50,1,2,-69.278,125.656,2,18,15.0429,1,18,15.0429,1,1
1,20,50,1,3,-3.43906,94.0471,2,14,45.2856,1,14,45.2856,1,1
1,20,50,1,4,81.8027,-177.393,1,13,38.5043,1,13,38.5043,1,1
1,20,50,1,5,42.8622,112.358,2,1,9.16016,1,1,9.16016,1,1
1,20,50,1,6,52.461,-137.759,1,13,24.6382,1,13,24.6382,1,1
1,20,50,1,7,-60.9695,84.4618,2,16,16.4199,1,16,16.4199,1,1
1,20,50,1,8,-73.954,171.021,2,18,5.6315,1,18,5.6315,1,1
1,20,50,1,9,84.2662,-19.1507,1,2,18.6173,1,2,18.6173,1,1
1,20,50,1,10,62.9269,124.506,2,10,9.95505,1,10,9.95505,1,1
1,20,50,1,11,-62.5476,159.979,2,18,6.64041,1,18,6.64041,1,1
1,20,50,1,12,0.125473,52.7951,2,6,25.8642,1,6,25.8642,1,1
1,20,50,1,13,72.7774,43.3494,2,15,11.3682,1,15,11.3682,1,1
1,20,50,1,14,20.0535,-71.8794,1,13,41.0299,1,13,41.0299,1,1
1,20,50,1,15,53.4475,-75.7333,1,13,11.9845,1,13,11.9845,1,1
1,20,50,1,16,53.7604,1.68779,1,2,13.9759,1,2,13.9759,1,1
1,20,50,1,17,17.9674,148.965,2,17,25.1356,1,17,25.1356,1,1
1,20,50,1,18,-26.3282,-150.943,1,19,32.755,1,19,32.755,1,1
1,20,50,1,19,31.506,-69.0508,1,13,31.5853,1,13,31.5853,1,1
1,20,50,1,20,-74.1682,-31.2636,1,5,12.7815,1,5,12.7815,1,1
1,20,50,1,21,-68.3466,136.586,2,18,11.3122,1,18,11.3122,1,1
1,20,50,1,22,5.48862,-78.6323,1,11,36.3578,1,11,36.3578,1,1
1,20,50,1,23,20.5237,43.0693,2,6,3.36721,1,6,3.36721,1,1
1,20,50,1,24,-43.8054,29.5798,2,5,29.4546,1,5,29.4546,1,1
1,20,50,1,25,-78.0407,-141.757,1,7,15.3901,1,7,15.3901,1,1
1,20,50,1,26,-12.9572,-101.177,1,0,14.4005,1,0,14.4005,1,1
1,20,50,1,27,-80.889,154.337,2,18,12.9026,1,18,12.9026,1,1
1,20,50,1,28,65.8092,163.777,2,12,14.0759,1,12,14.0759,1,1
1,20,50,1,29,8.84301,-8.27457,1,3,20.4118,1,3,20.4118,1,1
1,20,50,1,30,-44.0513,-55.419,1,11,22.3293,1,11,22.3293,1,1
1,20,50,1,31,47.996,-160.582,1,8,26.2455,1,8,26.2455,1,1
1,20,50,1,32,63.1344,-48.0732,1,2,15.5086,1,2,15.5086,1,1
1,20,50,1,33,84.1916,-106.387,1,13,27.9339,1,13,27.9339,1,1
1,20,50,1,34,-9.50831,51.3952,2,6,34.5325,1,6,34.5325,1,1
1,20,50,1,35,2.28083,12.647,2,6,35.7971,1,6,35.7971,1,1
1,20,50,1,36,-79.9342,47.8683,2,4,5.10673,1,4,5.10673,1,1
1,20,50,1,37,-15.3837,31.1089,2,6,40.6289,1,6,40.6289,1,1
1,20,50,1,38,74.618,-169.72,1,13,35.5225,1,13,35.5225,1,1
1,20,50,1,39,-52.9109,-118.375,1,7,11.6579,1,7,11.6579,1,1
1,20,50,1,40,19.9299,-81.9033,1,13,38.1759,1,13,38.1759,1,1
1,20,50,1,41,-40.0659,-166.054,1,7,37.997,1,7,37.997,1,1
1,20,50,1,42,-1.53992,-61.9098,1,11,21.5341,1,11,21.5341,1,1
1,20,50,1,43,84.1411,-51.4614,1,2,20.9988,1,2,20.9988,1,1
1,20,50,1,44,-39.0664,5.96826,1,5,32.6547,1,5,32.6547,1,1
1,20,50,1,45,60.132,13.7646,2,2,13.2574,1,2,13.2574,1,1
1,20,50,1,46,65.2746,36.2562,2,15,15.2366,1,15,15.2366,1,1
1,20,50,1,47,16.5914,76.8181,2,6,33.4178,1,6,33.4178,1,1
1,20,50,1,48,84.0915,21.5661,2,2,20.4125,1,2,20.4125,1,1
1,20,50,1,49,75.2153,-30.8336,1,2,11.2706,1,2,11.2706,1,1
2,20,50,1,0,-74.6516,50.8514,2,13,7.64742,1,13,7.64742,1,1
2,20,50,1,1,35.5882,-32.8266,1,11,22.899,1,11,22.899,1,1
2,20,50,1,2,-77.7793,86.3078,2,7,6.58259,1,7,6.58259,1,1
2,20,50,1,3,-49.7149,116.122,2,7,32.738,1,7,32.738,1,1
2,20,50,1,4,44.8608,-37.4944,1,11,31.2855,1,11,31.2855,1,1
2,20,50,1,5,64.8345,-80.8964,1,1,16.1694,1,1,16.1694,1,1
2,20,50,1,6,-17.6474,-23.019,1,6,14.4465,1,6,14.4465,1,1
2,20,50,1,7,29.5174,-176.839,1,14,11.9715,1,14,11.9715,1,1
2,20,50,1,8,18.7379,95.7842,2,19,32.515,1,19,32.515,1,1
2,20,50,1,9,14.8997,-60.4633,1,11,19.8037,1,11,19.8037,1,1
2,20,50,1,10,51.4821,25.6043,2,1,54.1128,1,1,54.1128,1,1
2,20,50,1,11,-42.7206,-94.8636,1,2,42.3281,1,2,42.3281,1,1
2,20,50,1,12,1.61134,-17.3261,1,11,25.5573,1,11,25.5573,1,1
2,20,50,1,13,45.0846,111.887,2,3,39.5802,1,3,39.5802,1,1
2,20,50,1,14,-2.50463,-92.7013,1,12,34.2864,1,12,34.2864,1,1
2,20,50,1,15,0.938698,25.6875,2,19,44.3661,1,19,44.3661,1,1
2,20,50,1,16,69.075,-106.946,1,1,12.9197,1,1,12.9197,1,1
2,20,50,1,17,86.4304,162.592,2,15,1.51889,1,15,1.51889,1,1
2,20,50,1,18,79.6808,-106.569,1,1,3.53435,1,1,3.53435,1,1
2,20,50,1,19,49.3566,69.0831,2,15,49.6636,1,15,49.6636,1,1
2,20,50,1,20,17.9683,48.3823,2,19,28.8748,1,19,28.8748,1,1
2,20,50,1,21,84.0934,-179.358,1,1,12.4809,1,1,12.4809,1,1
2,20,50,1,22,-77.3184,47.2216,2,13,7.92301,1,13,7.92301,1,1
2,20,50,1,23,-88.0988,62.8391,2,7,7.03512,1,7,7.03512,1,1
2,20,50,1,24,-18.4971,33.6019,2,19,39.6934,1,19,39.6934,1,1
2,20,50,1,25,-88.8121,-114.03,1,2,12.4919,1,2,12.4919,1,1
2,20,50,1,26,-60.3969,-83.0652,1,2,21.7527,1,2,21.7527,1,1
2,20,50,1,27,-14.4468,62.4289,2,19,15.0128,1,19,15.0128,1,1
2,20,50,1,28,39.8043,-118.724,1,12,20.5877,1,12,20.5877,1,1
2,20,50,1,29,-2.84203,-105.401,1,12,26.1147,1,12,26.1147,1,1
2,20,50,1,30,-15.7129,176.193,2,16,19.3795,1,16,19.3795,1,1
2,20,50,1,31,50.1434,-73.2756,1,1,31.2773,1,1,31.2773,1,1
2,20,50,1,32,-55.3765,93.1477,2,7,28.0221,1,7,28.0221,1,1
2,20,50,1,33,-45.342,-131.391,1,9,25.4849,1,9,25.4849,1,1
2,20,50,1,34,83.2894,-171.971,1,1,11.9347,1,1,11.9347,1,1
2,20,50,1,35,58.8459,22.5153,2,1,43.6342,1,1,43.6342,1,1
2,20,50,1,36,28.2057,105.879,2,19,45.7987,1,19,45.7987,1,1
2,20,50,1,37,11.5785,81.7747,2,19,17.5255,1,19,17.5255,1,1
2,20,50,1,38,-13.4499,26.9595,2,19,44.3276,1,19,44.3276,1,1
2,20,50,1,39,-17.6931,116.106,2,16,41.3413,1,16,41.3413,1,1
2,20,50,1,40,-59.7193,-33.0103,1,0,7.60432,1,0,7.60432,1,1
2,20,50,1,41,-88.962,-60.2324,1,2,10.4643,1,2,10.4643,1,1
2,20,50,1,42,31.9622,-26.8177,1,11,22.0073,1,11,22.0073,1,1
2,20,50,1,43,-88.9017,-36.4669,1,2,10.4215,1,2,10.4215,1,1
2,20,50,1,44,17.2289,-3.48749,1,11,35.4412,1,11,35.4412,1,1
2,20,50,1,45,19.0663,-176.968,1,10,14.3983,1,10,14.3983,1,1
2,20,50,1,46,-3.64707,-41.5806,1,11,17.3685,1,11,17.3685,1,1
2,20,50,1,47,-35.1217,61.9529,2,19,34.5402,1,19,34.5402,1,1
2,20,50,1,48,-64.2164,19.0725,2,13,7.93599,1,13,7.93599,1,1
2,20,50,1,49,55.2808,-141.854,1,8,23.9989,1,8,23.9989,1,1
3,20,50,1,0,35.3593,-52.0087,1,4,20.0744,1,4,20.0744,1,1
3,20,50,1,1,48.6048,-12.3903,1,10,7.05746,1,10,7.05746,1,1
3,20,50,1,2,-83.2974,-151.684,1,15,9.72107,1,15,9.72107,1,1
3,20,50,1,3,74.2126,-127.999,1,18,17.2272,1,18,17.2272,1,1
3,20,50,1,4,-19.1901,92.7738,2,16,1.64676,1,16,1.64676,1,1
3,20,50,1,5,62.5277,-108.564,1,18,28.0802,1,18,28.0802,1,1
3,20,50,1,6,-52.3726,21.1416,2,7,34.3446,1,16,66.5448,1.93756,0
3,20,50,1,7,-3.0213,-163.845,1,12,64.1127,1,12,64.1127,1,1
3,20,50,1,8,13.4922,-21.5679,1,10,41.5509,1,10,41.5509,1,1
3,20,50,1,9,-85.6885,-128.1,1,15,10.9952,1,15,10.9952,1,1
3,20,50,1,10,-53.2659,-140.763,1,15,22.1487,1,15,22.1487,1,1
3,20,50,1,11,-38.0418,36.7577,2,7,45.2607,1,16,51.9233,1.14721,0
3,20,50,1,12,65.2556,59.4461,2,9,6.76818,1,9,6.76818,1,1
3,20,50,1,13,-12.9105,125.604,2,17,12.1574,1,17,12.1574,1,1
3,20,50,1,14,-89.8683,-141.168,1,15,15.278,1,15,15.278,1,1
3,20,50,1,15,25.7372,70.9821,2,6,23.1386,1,6,23.1386,1,1
3,20,50,1,16,-6.58816,-31.3159,1,7,30.0863,1,7,30.0863,1,1
3,20,50,1,17,-60.7041,0.228851,1,8,29.2964,1,8,29.2964,1,1
3,20,50,1,18,-1.49973,-152.983,1,2,57.4995,1,2,57.4995,1,1
3,20,50,1,19,26.1151,138.62,2,5,29.1798,1,5,29.1798,1,1
3,20,50,1,20,59.8954,-2.71443,1,10,9.40686,1,10,9.40686,1,1
3,20,50,1,21,-74.972,-164.954,1,15,9.6771,1,15,9.6771,1,1
3,20,50,1,22,-80.7864,24.0134,2,8,24.5084,1,16,76.1597,3.10749,0
3,20,50,1,23,-74.3994,45.4116,2,8,33.8198,1,16,64.3592,1.90301,0
3,20,50,1,24,-88.7773,-140.176,1,15,14.1926,1,15,14.1926,1,1
3,20,50,1,25,48.6556,-104.086,1,1,19.2405,1,1,19.2405,1,1
3,20,50,1,26,-50.4696,-158.772,1,15,28.0678,1,15,28.0678,1,1
3,20,50,1,27,56.3357,-150.428,1,12,13.0992,1,12,13.0992,1,1
3,20,50,1,28,40.3368,-93.1495,1,1,10.3701,1,1,10.3701,1,1
3,20,50,1,29,77.5879,80.9371,2,3,9.4188,1,3,9.4188,1,1
3,20,50,1,30,-27.1586,26.6503,2,7,40.0381,1,0,46.0151,1.14928,0
3,20,50,1,31,-14.0404,112.507,2,17,9.43228,1,17,9.43228,1,1
3,20,50,1,32,87.6672,30.511,2,18,3.74729,1,3,9.58932,2.559,0
3,20,50,1,33,-33.6323,-7.66504,1,7,9.58032,1,7,9.58032,1,1
3,20,50,1,34,28.764,164.966,2,5,6.22673,1,5,6.22673,1,1
3,20,50,1,35,-24.5223,-2.68109,1,7,17.4607,1,7,17.4607,1,1
3,20,50,1,36,-8.87444,-18.9887,1,7,25.5728,1,7,25.5728,1,1
3,20,50,1,37,6.18233,0.678299,1,7,44.9636,1,7,44.9636,1,1
3,20,50,1,38,-87.4876,43.5658,2,8,26.775,1,16,74.8776,2.79655,0
3,20,50,1,39,-66.9551,-172.53,1,15,16.5523,1,15,16.5523,1,1
3,20,50,1,40,41.695,143.401,2,5,24.5463,1,5,24.5463,1,1
3,20,50,1,41,-48.3081,162.451,2,17,45.0702,1,17,45.0702,1,1
3,20,50,1,42,82.3143,-163.945,1,18,10.6337,1,18,10.6337,1,1
3,20,50,1,43,-83.9887,65.3022,2,8,31.824,1,16,67.6234,2.12492,0
3,20,50,1,44,-38.5471,167.199,2,17,45.9315,1,17,45.9315,1,1
3,20,50,1,45,-16.8803,48.5886,2,0,30.433,1,0,30.433,1,1
3,20,50,1,46,6.9244,118.159,2,14,23.4544,1,14,23.4544,1,1
3,20,50,1,47,-9.45243,9.18321,1,7,36.2905,1,7,36.2905,1,1
3,20,50,1,48,-15.6652,93.8305,2,16,3.63452,1,16,3.63452,1,1
3,20,50,1,49,-89.2409,-153.802,1,15,14.9884,1,15,14.9884,1,1
4,20,50,1,0,20.6115,-60.4933,1,0,21.8867,1,0,21.8867,1,1
4,20,50,1,1,71.0468,-67.5607,1,5,21.2627,1,5,21.2627,1,1
4,20,50,1,2,-15.5648,-72.6187,1,9,40.2876,1,9,40.2876,1,1
4,20,50,1,3,84.1421,14.2892,2,5,22.9476,1,16,25.0253,1.09054,0
4,20,50,1,4,42.3459,-70.5687,1,0,17.6715,1,0,17.6715,1,1
4,20,50,1,5,81.3069,-130.799,1,2,25.0229,1,2,25.0229,1,1
4,20,50,1,6,-81.5911,179.527,2,15,2.3017,1,15,2.3017,1,1
4,20,50,1,7,-76.2207,42.3627,2,17,12.8016,1,17,12.8016,1,1
4,20,50,1,8,-1.23235,15.0996,2,12,22.0293,1,7,43.3227,1.96659,0
4,20,50,1,9,18.2886,89.3741,2,4,26.8248,1,4,26.8248,1,1
4,20,50,1,10,-87.9206,56.9891,2,11,11.2823,1,11,11.2823,1,1
4,20,50,1,11,40.0045,125.691,2,18,9.4167,1,18,9.4167,1,1
4,20,50,1,12,-39.5412,131.691,2,11,44.0019,1,11,44.0019,1,1
4,20,50,1,13,0.354424,-179.273,1,6,44.5502,1,6,44.5502,1,1
4,20,50,1,14,32.5494,174.236,2,13,38.7789,1,13,38.7789,1,1
4,20,50,1,15,-10.0081,-73.6782,1,9,44.051,1,9,44.051,1,1
4,20,50,1,16,-33.1287,-57.9227,1,9,22.736,1,9,22.736,1,1
4,20,50,1,17,19.3805,82.6128,2,4,29.908,1,4,29.908,1,1
4,20,50,1,18,24.7293,27.0453,2,12,29.9831,1,16,38.1101,1.27105,0
4,20,50,1,19,-41.549,-45.8495,1,9,16.7378,1,9,16.7378,1,1
4,20,50,1,20,68.2383,-100.484,1,2,23.2028,1,2,23.2028,1,1
4,20,50,1,21,1.67564,153.294,2,13,22.3484,1,13,22.3484,1,1
4,20,50,1,22,-50.4786,30.9098,2,17,18.8838,1,17,18.8838,1,1
4,20,50,1,23,7.82853,76.578,2,10,27.7485,1,10,27.7485,1,1
4,20,50,1,24,-66.9953,-127.766,1,8,40.8162,1,8,40.8162,1,1
4,20,50,1,25,-7.02393,-129.832,1,1,21.7007,1,1,21.7007,1,1
4,20,50,1,26,54.6116,-114.039,1,2,17.0942,1,2,17.0942,1,1
4,20,50,1,27,87.9298,-149.859,1,2,31.236,1,2,31.236,1,1
4,20,50,1,28,-81.1738,-3.43155,1,8,14.8368,1,8,14.8368,1,1
4,20,50,1,29,-74.566,82.7513,2,17,14.2778,1,17,14.2778,1,1
4,20,50,1,30,-4.59785,10.8518,1,12,21.5834,1,12,21.5834,1,1
4,20,50,1,31,-85.4635,104.547,2,11,7.24121,1,11,7.24121,1,1
4,20,50,1,32,66.4645,47.8342,2,16,5.95669,1,16,5.95669,1,1
4,20,50,1,33,3.57983,2.38773,1,12,10.1634,1,12,10.1634,1,1
4,20,50,1,34,-52.5603,104.062,2,17,28.2215,1,17,28.2215,1,1
4,20,50,1,35,68.2691,-148.644,1,2,11.7145,1,2,11.7145,1,1
4,20,50,1,36,-88.2113,-40.1105,1,11,18.9338,1,8,21.2447,1.12205,0
4,20,50,1,37,-87.6748,-97.3799,1,11,24.7967,1,8,26.0301,1.04974,0
4,20,50,1,38,85.3997,20.3075,2,5,24.6243,1,16,25.5743,1.03858,0
4,20,50,1,39,79.599,-143.191,1,2,22.8592,1,2,22.8592,1,1
4,20,50,1,40,36.2709,-34.8498,1,0,10.4889,1,0,10.4889,1,1
4,20,50,1,41,-46.5115,1.76498,1,14,9.26251,1,14,9.26251,1,1
4,20,50,1,42,15.5557,-97.1635,1,1,21.5111,1,1,21.5111,1,1
4,20,50,1,43,15.9529,48.7639,2,7,34.0532,1,7,34.0532,1,1
4,20,50,1,44,39.7025,62.7738,2,16,24.2692,1,16,24.2692,1,1
4,20,50,1,45,-24.2424,-109.791,1,1,37.1348,1,1,37.1348,1,1
4,20,50,1,46,-53.1872,-39.4117,1,8,16.3647,1,8,16.3647,1,1
4,20,50,1,47,87.3781,-153.445,1,2,30.7701,1,2,30.7701,1,1
4,20,50,1,48,-85.7888,1.9158,1,11,17.7736,1,8,19.3646,1.08952,0
4,20,50,1,49,14.4712,-96.698,1,1,21.8434,1,1,21.8434,1,1
