trial,num_pubs,num_subs,brake_limit,sub_id,sub_lat,sub_lon,optimal_pub_id,optimal_dist,received_pub_id,received_dist,stretch,recall,num_received
0,100,200,4,0,62.9269,124.506,80,9.95505,80,9.95505,1,1,6
0,100,200,4,1,-62.5476,159.979,88,6.64041,88,6.64041,1,1,6
0,100,200,4,2,0.125473,52.7951,56,10.8757,56,10.8757,1,1,8
0,100,200,4,3,72.7774,43.3494,43,6.37266,43,6.37266,1,1,8
0,100,200,4,4,20.0535,-71.8794,91,17.6197,91,17.6197,1,1,8
0,100,200,4,5,53.4475,-75.7333,48,4.33507,48,4.33507,1,1,6
0,100,200,4,6,53.7604,1.68779,40,6.84467,40,6.84467,1,1,5
0,100,200,4,7,17.9674,148.965,3,18.0828,3,18.0828,1,1,3
0,100,200,4,8,-26.3282,-150.943,6,18.3986,6,18.3986,1,1,4
0,100,200,4,9,31.506,-69.0508,91,5.92016,91,5.92016,1,1,4
0,100,200,4,10,-74.1682,-31.2636,0,11.3322,0,11.3322,1,1,1
0,100,200,4,11,-68.3466,136.586,92,4.05855,92,4.05855,1,1,5
0,100,200,4,12,5.48862,-78.6323,47,26.1882,47,26.1882,1,1,7
0,100,200,4,13,20.5237,43.0693,76,3.36721,76,3.36721,1,1,7
0,100,200,4,14,-43.8054,29.5798,37,7.02841,37,7.02841,1,1,4
0,100,200,4,15,-78.0407,-141.757,0,13.9175,0,13.9175,1,1,1
0,100,200,4,16,-12.9572,-101.177,70,14.4005,70,14.4005,1,1,7
0,100,200,4,17,-80.889,154.337,98,7.82924,98,7.82924,1,1,5
0,100,200,4,18,65.8092,163.777,16,8.74737,16,8.74737,1,1,4
0,100,200,4,19,8.84301,-8.27457,67,8.95633,67,8.95633,1,1,4
0,100,200,4,20,-44.0513,-55.419,68,12.5364,68,12.5364,1,1,4
0,100,200,4,21,47.996,-160.582,96,15.2676,96,15.2676,1,1,8
0,100,200,4,22,63.1344,-48.0732,20,11.5457,20,11.5457,1,1,4
0,100,200,4,23,84.1916,-106.387,10,2.55829,10,2.55829,1,1,3
0,100,200,4,24,-9.50831,51.3952,56,1.43518,56,1.43518,1,1,8
0,100,200,4,25,2.28083,12.647,41,8.60582,41,8.60582,1,1,4
0,100,200,4,26,-79.9342,47.8683,69,1.13922,69,1.13922,1,1,4
0,100,200,4,27,-15.3837,31.1089,41,17.0087,41,17.0087,1,1,6
0,100,200,4,28,74.618,-169.72,94,7.35375,94,7.35375,1,1,6
0,100,200,4,29,-52.9109,-118.375,32,6.10081,32,6.10081,1,1,4
0,100,200,4,30,19.9299,-81.9033,38,16.9745,38,16.9745,1,1,6
0,100,200,4,31,-40.0659,-166.054,4,5.86933,4,5.86933,1,1,3
0,100,200,4,32,-1.53992,-61.9098,47,10.2833,47,10.2833,1,1,5
0,100,200,4,33,84.1411,-51.4614,63,0.600372,63,0.600372,1,1,4
0,100,200,4,34,-39.0664,5.96826,39,23.2726,39,23.2726,1,1,5
0,100,200,4,35,60.132,13.7646,14,11.2856,14,11.2856,1,1,4
0,100,200,4,36,65.2746,36.2562,43,9.09,43,9.09,1,1,6
0,100,200,4,37,16.5914,76.8181,9,11.5508,9,11.5508,1,1,5
0,100,200,4,38,84.0915,21.5661,19,3.18114,19,3.18114,1,1,4
0,100,200,4,39,75.2153,-30.8336,20,6.24645,20,6.24645,1,1,5
0,100,200,4,40,-53.5194,-25.0077,65,11.9941,65,11.9941,1,1,4
0,100,200,4,41,80.9067,-86.9071,63,5.41223,63,5.41223,1,1,4
0,100,200,4,42,-78.5697,-48.954,0,5.7168,0,5.7168,1,1,1
0,100,200,4,43,62.1009,172.097,16,12.4757,16,12.4757,1,1,4
0,100,200,4,44,-19.337,-161.62,4,18.3689,4,18.3689,1,1,3
0,100,200,4,45,-63.1391,-178.814,55,21.8404,55,21.8404,1,1,3
0,100,200,4,46,-31.7617,-26.41,68,13.4629,68,13.4629,1,1,7
0,100,200,4,47,-82.4342,113.397,74,6.24498,74,6.24498,1,1,5
0,100,200,4,48,45.8401,-176.586,96,26.2446,96,26.2446,1,1,9
0,100,200,4,49,-59.0323,-166.453,55,17.2257,55,17.2257,1,1,4
0,100,200,4,50,4.691,-177.8,62,8.62376,62,8.62376,1,1,4
0,100,200,4,51,13.656,-40.0687,22,16.4855,22,16.4855,1,1,3
0,100,200,4,52,19.2278,-119.505,38,18.5415,38,18.5415,1,1,8
0,100,200,4,53,-71.6253,26.6386,8,4.36693,8,4.36693,1,1,3
0,100,200,4,54,41.0304,-172.82,96,26.6056,96,26.6056,1,1,9
0,100,200,4,55,87.9025,155.022,23,4.0877,23,4.0877,1,1,6
0,100,200,4,56,-8.91389,157.618,60,8.14555,60,8.14555,1,1,5
0,100,200,4,57,-55.9425,5.03284,39,10.1572,39,10.1572,1,1,3
0,100,200,4,58,-35.6678,-167.683,4,2.7165,4,2.7165,1,1,3
0,100,200,4,59,-1.43524,69.9904,56,20.0216,56,20.0216,1,1,6
0,100,200,4,60,-74.6516,50.8514,86,2.19182,86,2.19182,1,1,5
0,100,200,4,61,35.5882,-32.8266,1,4.23045,1,4.23045,1,1,2
0,100,200,4,62,-77.7793,86.3078,50,0.662531,50,0.662531,1,1,4
0,100,200,4,63,-49.7149,116.122,15,9.34542,15,9.34542,1,1,5
0,100,200,4,64,44.8608,-37.4944,33,11.3571,33,11.3571,1,1,3
0,100,200,4,65,64.8345,-80.8964,48,9.03374,48,9.03374,1,1,5
0,100,200,4,66,-17.6474,-23.019,73,12.3583,73,12.3583,1,1,5
0,100,200,4,67,29.5174,-176.839,62,23.6143,62,23.6143,1,1,7
0,100,200,4,68,18.7379,95.7842,9,10.6371,9,10.6371,1,1,4
0,100,200,4,69,14.8997,-60.4633,47,14.5231,47,14.5231,1,1,5
0,100,200,4,70,51.4821,25.6043,14,3.31199,14,3.31199,1,1,5
0,100,200,4,71,-42.7206,-94.8636,21,3.83814,21,3.83814,1,1,3
0,100,200,4,72,1.61134,-17.3261,73,8.93814,73,8.93814,1,1,6
0,100,200,4,73,45.0846,111.887,95,2.24805,95,2.24805,1,1,6
0,100,200,4,74,-2.50463,-92.7013,38,25.6684,38,25.6684,1,1,6
0,100,200,4,75,0.938698,25.6875,41,6.95958,41,6.95958,1,1,5
0,100,200,4,76,69.075,-106.946,51,3.46901,51,3.46901,1,1,5
0,100,200,4,77,86.4304,162.592,35,5.52578,35,5.52578,1,1,8
0,100,200,4,78,79.6808,-106.569,52,6.46754,52,6.46754,1,1,4
0,100,200,4,79,49.3566,69.0831,57,15.784,57,15.784,1,1,7
0,100,200,4,80,17.9683,48.3823,76,8.27994,76,8.27994,1,1,9
0,100,200,4,81,84.0934,-179.358,94,2.30334,94,2.30334,1,1,5
0,100,200,4,82,-77.3184,47.2216,69,1.99127,69,1.99127,1,1,4
0,100,200,4,83,-88.0988,62.8391,74,8.45284,74,8.45284,1,1,3
0,100,200,4,84,-18.4971,33.6019,56,19.5625,56,19.5625,1,1,7
0,100,200,4,85,-88.8121,-114.03,0,5.86772,0,5.86772,1,1,1
0,100,200,4,86,-60.3969,-83.0652,2,8.42452,2,8.42452,1,1,2
0,100,200,4,87,-14.4468,62.4289,56,10.6908,56,10.6908,1,1,5
0,100,200,4,88,39.8043,-118.724,96,18.2809,96,18.2809,1,1,7
0,100,200,4,89,-2.84203,-105.401,66,17.4118,66,17.4118,1,1,8
0,100,200,4,90,-15.7129,176.193,54,14.0034,54,14.0034,1,1,6
0,100,200,4,91,50.1434,-73.2756,48,6.98089,48,6.98089,1,1,5
0,100,200,4,92,-55.3765,93.1477,97,7.22934,97,7.22934,1,1,4
0,100,200,4,93,-45.342,-131.391,17,3.90597,17,3.90597,1,1,4
0,100,200,4,94,83.2894,-171.971,94,1.64464,94,1.64464,1,1,5
0,100,200,4,95,58.8459,22.5153,14,6.98719,14,6.98719,1,1,4
0,100,200,4,96,28.2057,105.879,95,15.576,95,15.576,1,1,5
0,100,200,4,97,11.5785,81.7747,9,5.68436,9,5.68436,1,1,5
0,100,200,4,98,-13.4499,26.9595,41,12.9815,41,12.9815,1,1,6
0,100,200,4,99,-17.6931,116.106,84,19.1252,84,19.1252,1,1,4
0,100,200,4,100,-59.7193,-33.0103,65,16.1892,65,16.1892,1,1,3
0,100,200,4,101,-88.962,-60.2324,0,4.98698,0,4.98698,1,1,1
0,100,200,4,102,31.9622,-26.8177,1,2.5222,1,2.5222,1,1,2
0,100,200,4,103,-88.9017,-36.4669,0,5.16056,0,5.16056,1,1,1
0,100,200,4,104,17.2289,-3.48749,67,8.87134,67,8.87134,1,1,5
0,100,200,4,105,19.0663,-176.968,62,14.1434,62,14.1434,1,1,5
0,100,200,4,106,-3.64707,-41.5806,22,1.91437,22,1.91437,1,1,3
0,100,200,4,107,-35.1217,61.9529,59,11.279,59,11.279,1,1,4
0,100,200,4,108,-64.2164,19.0725,39,4.94984,39,4.94984,1,1,4
0,100,200,4,109,55.2808,-141.854,96,3.71222,96,3.71222,1,1,6
0,100,200,4,110,13.5508,48.2533,76,11.7781,76,11.7781,1,1,9
0,100,200,4,111,30.3306,-96.4871,38,8.74082,38,8.74082,1,1,6
0,100,200,4,112,-12.9341,-96.1818,70,15.0298,70,15.0298,1,1,5
0,100,200,4,113,82.6438,127.232,82,7.12079,82,7.12079,1,1,8
0,100,200,4,114,55.3889,-50.0986,48,12.0066,48,12.0066,1,1,5
0,100,200,4,115,31.669,171.339,79,26.9283,79,26.9283,1,1,5
0,100,200,4,116,48.4455,65.4139,57,14.6553,57,14.6553,1,1,6
0,100,200,4,117,-34.4466,-19.1845,65,15.4143,65,15.4143,1,1,4
0,100,200,4,118,-70.7019,-66.6966,36,10.3361,36,10.3361,1,1,2
0,100,200,4,119,62.1743,73.0541,85,5.82773,85,5.82773,1,1,10
0,100,200,4,120,54.9079,-17.5189,33,4.99801,33,4.99801,1,1,3
0,100,200,4,121,38.0431,-77.4783,91,7.2637,91,7.2637,1,1,5
0,100,200,4,122,60.4503,-174.157,94,21.3781,94,21.3781,1,1,7
0,100,200,4,123,82.2373,172.468,35,1.44733,35,1.44733,1,1,6
0,100,200,4,124,12.4576,95.0362,9,7.3405,9,7.3405,1,1,4
0,100,200,4,125,-74.6933,-127.983,77,10.6443,77,10.6443,1,1,3
0,100,200,4,126,-18.3553,91.2746,5,7.14992,5,7.14992,1,1,3
0,100,200,4,127,-22.2351,117.421,84,16.2709,84,16.2709,1,1,5
0,100,200,4,128,87.5464,-59.1827,10,2.26101,10,2.26101,1,1,3
0,100,200,4,129,32.3267,105.871,95,11.7225,95,11.7225,1,1,6
0,100,200,4,130,35.3593,-52.0087,91,13.2991,91,13.2991,1,1,3
0,100,200,4,131,48.6048,-12.3903,40,3.37644,40,3.37644,1,1,4
0,100,200,4,132,-83.2974,-151.684,0,10.0504,0,10.0504,1,1,1
0,100,200,4,133,74.2126,-127.999,51,5.17451,51,5.17451,1,1,5
0,100,200,4,134,-19.1901,92.7738,5,5.71948,5,5.71948,1,1,3
0,100,200,4,135,62.5277,-108.564,83,8.81391,83,8.81391,1,1,8
0,100,200,4,136,-52.3726,21.1416,39,7.27673,39,7.27673,1,1,5
0,100,200,4,137,-3.0213,-163.845,62,11.4526,62,11.4526,1,1,4
0,100,200,4,138,13.4922,-21.5679,67,9.09342,67,9.09342,1,1,3
0,100,200,4,139,-85.6885,-128.1,0,6.26385,0,6.26385,1,1,1
0,100,200,4,140,-53.2659,-140.763,17,9.02099,17,9.02099,1,1,5
0,100,200,4,141,-38.0418,36.7577,37,10.5054,37,10.5054,1,1,5
0,100,200,4,142,65.2556,59.4461,85,6.40826,85,6.40826,1,1,9
0,100,200,4,143,-12.9105,125.604,84,15.4097,84,15.4097,1,1,6
0,100,200,4,144,-89.8683,-141.168,0,7.29105,0,7.29105,1,1,1
0,100,200,4,145,25.7372,70.9821,57,9.31642,57,9.31642,1,1,5
0,100,200,4,146,-6.58816,-31.3159,73,8.36288,73,8.36288,1,1,5
0,100,200,4,147,-60.7041,0.228851,39,11.2936,39,11.2936,1,1,3
0,100,200,4,148,-1.49973,-152.983,62,18.4939,62,18.4939,1,1,5
0,100,200,4,149,26.1151,138.62,3,7.14025,3,7.14025,1,1,3
0,100,200,4,150,59.8954,-2.71443,72,7.38807,72,7.38807,1,1,6
0,100,200,4,151,-74.972,-164.954,55,18.3492,55,18.3492,1,1,2
0,100,200,4,152,-80.7864,24.0134,69,5.1739,69,5.1739,1,1,3
0,100,200,4,153,-74.3994,45.4116,86,3.25285,86,3.25285,1,1,5
0,100,200,4,154,-88.7773,-140.176,0,6.92565,0,6.92565,1,1,1
0,100,200,4,155,48.6556,-104.086,83,9.26316,83,9.26316,1,1,6
0,100,200,4,156,-50.4696,-158.772,17,15.9288,17,15.9288,1,1,4
0,100,200,4,157,56.3357,-150.428,96,8.33105,96,8.33105,1,1,6
0,100,200,4,158,40.3368,-93.1495,30,6.05763,30,6.05763,1,1,5
0,100,200,4,159,77.5879,80.9371,31,4.74163,31,4.74163,1,1,9
0,100,200,4,160,-27.1586,26.6503,37,22.9156,37,22.9156,1,1,6
0,100,200,4,161,-14.0404,112.507,5,19.0314,5,19.0314,1,1,3
0,100,200,4,162,87.6672,30.511,23,0.937214,23,0.937214,1,1,5
0,100,200,4,163,-33.6323,-7.66504,65,23.6793,65,23.6793,1,1,4
0,100,200,4,164,28.764,164.966,79,24.8663,79,24.8663,1,1,5
0,100,200,4,165,-24.5223,-2.68109,11,18.6392,11,18.6392,1,1,4
0,100,200,4,166,-8.87444,-18.9887,73,5.36458,73,5.36458,1,1,5
0,100,200,4,167,6.18233,0.678299,11,15.6057,11,15.6057,1,1,3
0,100,200,4,168,-87.4876,43.5658,69,8.47997,69,8.47997,1,1,2
0,100,200,4,169,-66.9551,-172.53,55,18.5199,55,18.5199,1,1,5
0,100,200,4,170,41.695,143.401,49,10.208,49,10.208,1,1,5
0,100,200,4,171,-48.3081,162.451,42,6.40711,42,6.40711,1,1,7
0,100,200,4,172,82.3143,-163.945,94,1.92717,94,1.92717,1,1,6
0,100,200,4,173,-83.9887,65.3022,74,4.51674,74,4.51674,1,1,6
0,100,200,4,174,-38.5471,167.199,54,12.2521,54,12.2521,1,1,9
0,100,200,4,175,-16.8803,48.5886,56,7.05813,56,7.05813,1,1,8
0,100,200,4,176,6.9244,118.159,3,21.4992,3,21.4992,1,1,3
0,100,200,4,177,-9.45243,9.18321,11,2.73735,11,2.73735,1,1,3
0,100,200,4,178,-15.6652,93.8305,5,8.78374,5,8.78374,1,1,3
0,100,200,4,179,-89.2409,-153.802,0,7.59828,0,7.59828,1,1,1
0,100,200,4,180,39.398,-47.5265,91,16.4281,91,16.4281,1,1,3
0,100,200,4,181,11.7582,-118.953,66,13.8174,66,13.8174,1,1,9
0,100,200,4,182,56.7424,-144.119,96,5.64814,96,5.64814,1,1,6
0,100,200,4,183,30.8627,118.51,45,5.90972,45,5.90972,1,1,4
0,100,200,4,184,39.7235,107.815,95,4.63666,95,4.63666,1,1,6
0,100,200,4,185,62.9899,-17.163,72,3.36183,72,3.36183,1,1,7
0,100,200,4,186,35.6082,-150.636,78,11.8671,78,11.8671,1,1,11
0,100,200,4,187,-17.3561,55.8449,56,7.52858,56,7.52858,1,1,6
0,100,200,4,188,-67.2906,-22.6895,75,12.6692,75,12.6692,1,1,3
0,100,200,4,189,-29.4264,-31.6754,68,11.4279,68,11.4279,1,1,6
0,100,200,4,190,-17.7455,87.3864,5,10.043,5,10.043,1,1,3
0,100,200,4,191,-81.5434,158.358,98,8.05113,98,8.05113,1,1,5
0,100,200,4,192,12.7725,-1.99165,67,11.1041,67,11.1041,1,1,5
0,100,200,4,193,-6.2295,174.214,87,10.055,87,10.055,1,1,6
0,100,200,4,194,-44.0806,-10.9408,65,17.4786,65,17.4786,1,1,5
0,100,200,4,195,-79.794,170.635,98,5.84069,98,5.84069,1,1,5
0,100,200,4,196,60.7663,43.9285,53,9.47279,53,9.47279,1,1,6
0,100,200,4,197,-64.1589,55.0175,46,5.18354,46,5.18354,1,1,4
0,100,200,4,198,39.9048,113.408,95,3.06056,95,3.06056,1,1,7
0,100,200,4,199,-3.23651,-20.7434,73,3.0532,73,3.0532,1,1,5
1,100,200,4,0,-81.6575,121.427,31,4.25083,31,4.25083,1,1,4
1,100,200,4,1,-26.1147,53.991,69,1.52143,69,1.52143,1,1,9
1,100,200,4,2,-73.7183,128.373,92,5.45431,92,5.45431,1,1,6
1,100,200,4,3,34.4877,63.5897,44,5.25526,44,5.25526,1,1,6
1,100,200,4,4,-69.3538,24.4297,7,8.67846,7,8.67846,1,1,4
1,100,200,4,5,-39.8327,-97.0738,76,12.7877,76,12.7877,1,1,6
1,100,200,4,6,-18.7247,-88.5997,70,6.65559,70,6.65559,1,1,3
1,100,200,4,7,30.5943,-4.25607,97,13.7227,97,13.7227,1,1,7
1,100,200,4,8,-60.4926,-75.4179,71,13.4763,71,13.4763,1,1,7
1,100,200,4,9,-64.414,51.9609,7,12.2412,7,12.2412,1,1,4
1,100,200,4,10,85.0154,-122.088,47,3.14774,47,3.14774,1,1,6
1,100,200,4,11,73.9817,117.762,38,20.8458,38,20.8458,1,1,4
1,100,200,4,12,25.5103,50.2279,93,6.10317,93,6.10317,1,1,9
1,100,200,4,13,-38.6703,175.107,12,33.7009,12,33.7009,1,1,5
1,100,200,4,14,-26.3349,-141.083,25,22.115,25,22.115,1,1,5
1,100,200,4,15,-66.522,-35.9848,57,10.4454,57,10.4454,1,1,7
1,100,200,4,16,80.172,-5.27345,3,4.7841,3,4.7841,1,1,3
1,100,200,4,17,-80.9969,-167.093,85,9.03674,85,9.03674,1,1,9
1,100,200,4,18,-28.45,86.9817,98,8.72041,98,8.72041,1,1,11
1,100,200,4,19,38.2486,-15.6077,97,2.90981,97,2.90981,1,1,7
1,100,200,4,20,-34.2943,176.832,12,36.4691,12,36.4691,1,1,5
1,100,200,4,21,33.6592,73.9619,44,10.8179,44,10.8179,1,1,6
1,100,200,4,22,-45.884,-51.4928,19,5.95223,19,5.95223,1,1,4
1,100,200,4,23,-55.1471,-32.7533,46,4.36298,46,4.36298,1,1,6
1,100,200,4,24,26.5446,-59.1223,0,6.06474,0,6.06474,1,1,1
1,100,200,4,25,-80.3962,43.1201,7,4.1783,7,4.1783,1,1,4
1,100,200,4,26,-0.605003,167.171,21,14.0622,21,14.0622,1,1,9
1,100,200,4,27,-9.55903,-130.19,25,2.55969,25,2.55969,1,1,4
1,100,200,4,28,18.6994,83.5414,17,1.11104,17,1.11104,1,1,6
1,100,200,4,29,-67.5414,164.729,92,8.19075,92,8.19075,1,1,4
1,100,200,4,30,61.2292,-88.1269,62,7.62692,62,7.62692,1,1,4
1,100,200,4,31,-25.6278,102.803,98,23.0592,98,23.0592,1,1,9
1,100,200,4,32,43.2998,-33.2494,40,7.13575,40,7.13575,1,1,3
1,100,200,4,33,57.855,-150.3,35,10.4411,35,10.4411,1,1,5
1,100,200,4,34,-63.1339,12.2071,57,13.4983,57,13.4983,1,1,6
1,100,200,4,35,7.04595,-14.8565,81,13.9071,81,13.9071,1,1,5
1,100,200,4,36,4.51937,-98.5896,49,10.1252,49,10.1252,1,1,5
1,100,200,4,37,-60.4473,97.2707,34,8.73222,34,8.73222,1,1,6
1,100,200,4,38,14.9588,-51.1888,0,10.5095,0,10.5095,1,1,1
1,100,200,4,39,-57.7413,-96.9932,24,17.0096,24,17.0096,1,1,4
1,100,200,4,40,34.8444,-96.2749,86,17.4918,86,17.4918,1,1,4
1,100,200,4,41,63.0635,-111.521,56,6.27375,56,6.27375,1,1,4
1,100,200,4,42,-54.552,-72.9911,71,7.67788,71,7.67788,1,1,6
1,100,200,4,43,-30.8553,108.295,12,20.9991,12,20.9991,1,1,7
1,100,200,4,44,-84.7248,-16.7935,48,1.87759,48,1.87759,1,1,8
1,100,200,4,45,46.512,133.009,11,8.41108,11,8.41108,1,1,5
1,100,200,4,46,37.5398,-138.232,80,20.2362,80,20.2362,1,1,7
1,100,200,4,47,27.9057,-18.3207,66,6.96164,66,6.96164,1,1,4
1,100,200,4,48,4.25945,-8.47864,33,10.8622,33,10.8622,1,1,4
1,100,200,4,49,5.68944,62.2511,94,9.75522,94,9.75522,1,1,8
1,100,200,4,50,-88.1358,-154.529,85,2.0865,85,2.0865,1,1,8
1,100,200,4,51,-66.3027,12.7672,57,11.0277,57,11.0277,1,1,5
1,100,200,4,52,-36.5594,-73.5,51,4.6304,51,4.6304,1,1,4
1,100,200,4,53,-34.9811,136.799,12,6.10896,12,6.10896,1,1,5
1,100,200,4,54,27.6556,-5.4447,97,15.6566,97,15.6566,1,1,6
1,100,200,4,55,-70.0972,-54.9999,79,9.03325,79,9.03325,1,1,8
1,100,200,4,56,39.1402,165.933,14,9.42021,14,9.42021,1,1,6
1,100,200,4,57,6.73945,149.176,21,6.51986,21,6.51986,1,1,8
1,100,200,4,58,-43.5293,131.768,12,3.98846,12,3.98846,1,1,5
1,100,200,4,59,38.7357,-76.5082,4,5.77992,4,5.77992,1,1,2
1,100,200,4,60,-32.5126,-9.50467,50,6.1,50,6.1,1,1,7
1,100,200,4,61,-61.7497,-169.946,65,13.0803,65,13.0803,1,1,8
1,100,200,4,62,16.1318,112.312,53,10.7339,53,10.7339,1,1,5
1,100,200,4,63,-4.13321,-139.217,25,9.77824,25,9.77824,1,1,4
1,100,200,4,64,-38.0833,-176.888,65,36.9355,65,36.9355,1,1,4
1,100,200,4,65,51.5168,-72.4382,84,7.6589,84,7.6589,1,1,4
1,100,200,4,66,-75.7084,150.428,92,2.4238,92,2.4238,1,1,4
1,100,200,4,67,60.1645,-44.5356,52,8.12823,52,8.12823,1,1,3
1,100,200,4,68,-51.5358,-129.633,24,15.4889,24,15.4889,1,1,4
1,100,200,4,69,-43.8684,132.24,12,4.34652,12,4.34652,1,1,5
1,100,200,4,70,22.4611,-47.9313,0,11.8305,0,11.8305,1,1,1
1,100,200,4,71,-51.3802,-56.7975,46,10.7882,46,10.7882,1,1,5
1,100,200,4,72,-30.9994,90.7185,98,12.2378,98,12.2378,1,1,9
1,100,200,4,73,-43.8105,30.9428,22,6.66815,22,6.66815,1,1,5
1,100,200,4,74,21.2434,169.85,14,11.9635,14,11.9635,1,1,7
1,100,200,4,75,67.2173,157.461,68,20.124,68,20.124,1,1,5
1,100,200,4,76,-9.82721,-169.065,87,10.9028,87,10.9028,1,1,4
1,100,200,4,77,83.7579,-167.391,47,3.77719,47,3.77719,1,1,6
1,100,200,4,78,61.6236,-20.7507,96,6.73109,96,6.73109,1,1,5
1,100,200,4,79,-63.3041,-132.919,24,4.27965,24,4.27965,1,1,5
1,100,200,4,80,-8.8191,156.425,21,10.9501,21,10.9501,1,1,8
1,100,200,4,81,-12.6788,10.945,67,5.51272,67,5.51272,1,1,5
1,100,200,4,82,63.4269,-85.0286,62,5.43762,62,5.43762,1,1,4
1,100,200,4,83,73.2047,-156.218,35,5.53208,35,5.53208,1,1,4
1,100,200,4,84,-17.3308,-121.327,45,12.8102,45,12.8102,1,1,4
1,100,200,4,85,78.0108,-169.74,39,5.39348,39,5.39348,1,1,4
1,100,200,4,86,5.37068,-126.739,25,12.7747,25,12.7747,1,1,4
1,100,200,4,87,-23.2685,128.743,12,16.4662,12,16.4662,1,1,6
1,100,200,4,88,71.9899,45.8419,89,5.28996,89,5.28996,1,1,5
1,100,200,4,89,-10.1573,6.46657,30,7.05834,30,7.05834,1,1,4
1,100,200,4,90,17.8461,-65.88,0,5.78937,0,5.78937,1,1,1
1,100,200,4,91,-8.036,-163.962,87,8.40338,87,8.40338,1,1,4
1,100,200,4,92,-27.4724,-28.5562,60,14.8351,60,14.8351,1,1,6
1,100,200,4,93,-75.6765,-111.698,59,8.27407,59,8.27407,1,1,7
1,100,200,4,94,65.3466,-97.9612,20,3.0579,20,3.0579,1,1,3
1,100,200,4,95,-32.3085,-66.9451,51,2.9744,51,2.9744,1,1,4
1,100,200,4,96,-60.7679,90.0255,34,11.2634,34,11.2634,1,1,6
1,100,200,4,97,62,-174.682,35,12.6165,35,12.6165,1,1,4
1,100,200,4,98,-87.5016,90.4094,10,1.39899,10,1.39899,1,1,4
1,100,200,4,99,-75.4499,-29.6648,57,5.2802,57,5.2802,1,1,6
1,100,200,4,100,74.541,-174.878,39,8.7095,39,8.7095,1,1,5
1,100,200,4,101,-9.70216,-20.1766,81,6.99501,81,6.99501,1,1,6
1,100,200,4,102,-60.8084,114.059,90,8.54889,90,8.54889,1,1,7
1,100,200,4,103,-35.717,-157.637,65,35.0207,65,35.0207,1,1,5
1,100,200,4,104,-10.0497,88.2515,98,20.7796,98,20.7796,1,1,8
1,100,200,4,105,14.4148,-164.407,87,14.1263,87,14.1263,1,1,6
1,100,200,4,106,-78.8143,-167.242,59,10.2441,59,10.2441,1,1,8
1,100,200,4,107,-74.1847,-32.5733,57,5.81568,57,5.81568,1,1,6
1,100,200,4,108,-7.89933,-119.722,25,10.062,25,10.062,1,1,4
1,100,200,4,109,17.8645,-65.1056,0,5.1487,0,5.1487,1,1,1
1,100,200,4,110,-18.8418,151.112,21,20.6306,21,20.6306,1,1,7
1,100,200,4,111,23.9747,20.7806,18,5.75696,18,5.75696,1,1,4
1,100,200,4,112,30.5688,-8.05074,97,12.0107,97,12.0107,1,1,7
1,100,200,4,113,13.0493,66.1344,23,11.5215,23,11.5215,1,1,7
1,100,200,4,114,-48.8207,55.1989,22,15.8133,22,15.8133,1,1,5
1,100,200,4,115,-71.7652,-128.559,59,2.89008,59,2.89008,1,1,6
1,100,200,4,116,30.1604,17.0652,18,10.3894,18,10.3894,1,1,5
1,100,200,4,117,15.632,118.704,53,9.86379,53,9.86379,1,1,6
1,100,200,4,118,-24.438,139.83,12,16.6059,12,16.6059,1,1,5
1,100,200,4,119,70.5335,111.025,55,23.1632,55,23.1632,1,1,5
1,100,200,4,120,24.0408,-10.1035,66,15.279,66,15.279,1,1,5
1,100,200,4,121,63.3087,70.4531,32,10.1051,32,10.1051,1,1,4
1,100,200,4,122,1.32704,158.248,21,4.96417,21,4.96417,1,1,9
1,100,200,4,123,-71.0601,166.855,92,6.32197,92,6.32197,1,1,4
1,100,200,4,124,-70.7372,73.6088,29,4.70014,29,4.70014,1,1,5
1,100,200,4,125,-39.1251,0.84198,41,7.41742,41,7.41742,1,1,7
1,100,200,4,126,22.3605,149.699,63,11.9006,63,11.9006,1,1,8
1,100,200,4,127,-79.1887,-74.1416,79,4.82661,79,4.82661,1,1,9
1,100,200,4,128,-19.1758,47.7213,69,10.1316,69,10.1316,1,1,9
1,100,200,4,129,85.9964,44.0071,38,1.87525,38,1.87525,1,1,4
1,100,200,4,130,-38.5399,-151.538,65,31.583,65,31.583,1,1,5
1,100,200,4,131,47.7239,163.241,68,4.41365,68,4.41365,1,1,7
1,100,200,4,132,22.7638,-53.2881,0,7.03262,0,7.03262,1,1,1
1,100,200,4,133,50.9724,176.652,68,13.5889,68,13.5889,1,1,6
1,100,200,4,134,-46.729,63.0117,69,20.4604,69,20.4604,1,1,6
1,100,200,4,135,53.8381,134.624,73,11.9063,73,11.9063,1,1,6
1,100,200,4,136,-63.5459,54.2935,7,13.3225,7,13.3225,1,1,4
1,100,200,4,137,12.5384,55.5622,43,7.42139,43,7.42139,1,1,8
1,100,200,4,138,16.2708,62.9566,93,8.95111,93,8.95111,1,1,9
1,100,200,4,139,21.2088,71.0671,17,10.9822,17,10.9822,1,1,6
1,100,200,4,140,-21.7173,144.168,12,20.8073,12,20.8073,1,1,5
1,100,200,4,141,-54.0455,-178.714,65,22.4241,65,22.4241,1,1,7
1,100,200,4,142,56.9333,-86.4683,64,9.21574,64,9.21574,1,1,5
1,100,200,4,143,-36.4277,-104.485,45,13.0174,45,13.0174,1,1,4
1,100,200,4,144,70.6265,-80.8625,1,4.38667,1,4.38667,1,1,2
1,100,200,4,145,59.7611,-115.827,26,5.23988,26,5.23988,1,1,5
1,100,200,4,146,-26.2001,34.9701,61,13.3973,61,13.3973,1,1,6
1,100,200,4,147,-66.293,173.128,92,11.3053,92,11.3053,1,1,4
1,100,200,4,148,80.841,149.359,38,16.1165,38,16.1165,1,1,4
1,100,200,4,149,84.8896,-111.776,47,3.75322,47,3.75322,1,1,6
1,100,200,4,150,16.1852,97.4553,9,7.99965,9,7.99965,1,1,5
1,100,200,4,151,-78.5761,85.2785,29,4.05286,29,4.05286,1,1,5
1,100,200,4,152,-14.1256,47.9245,69,14.5785,69,14.5785,1,1,7
1,100,200,4,153,-19.5796,-175.71,13,20.2413,13,20.2413,1,1,3
1,100,200,4,154,-34.5595,-176.742,13,34.9976,13,34.9976,1,1,3
1,100,200,4,155,37.6787,67.4464,44,4.17099,44,4.17099,1,1,6
1,100,200,4,156,73.713,147.267,38,25.8111,38,25.8111,1,1,4
1,100,200,4,157,34.3663,81.2926,17,15.032,17,15.032,1,1,5
1,100,200,4,158,-59.6009,175.877,92,17.8184,92,17.8184,1,1,4
1,100,200,4,159,78.4039,-157.949,39,3.05867,39,3.05867,1,1,4
1,100,200,4,160,-42.4926,96.33,34,11.3409,34,11.3409,1,1,7
1,100,200,4,161,-46.8878,42.6147,22,8.52136,22,8.52136,1,1,5
1,100,200,4,162,-24.3499,-46.3616,16,13.4099,16,13.4099,1,1,3
1,100,200,4,163,17.8711,-67.0179,0,6.74216,0,6.74216,1,1,1
1,100,200,4,164,-38.5014,25.5214,61,5.40404,61,5.40404,1,1,7
1,100,200,4,165,0.603065,135.368,21,17.9554,21,17.9554,1,1,8
1,100,200,4,166,-28.5117,24.0539,61,5.5115,61,5.5115,1,1,6
1,100,200,4,167,20.323,94.7255,9,5.44478,9,5.44478,1,1,4
1,100,200,4,168,-54.0108,-178.513,65,22.3884,65,22.3884,1,1,7
1,100,200,4,169,49.5079,2.85945,97,15.1546,97,15.1546,1,1,8
1,100,200,4,170,-87.6274,-5.62671,36,1.38145,36,1.38145,1,1,6
1,100,200,4,171,-54.8471,152.171,92,18.6625,92,18.6625,1,1,5
1,100,200,4,172,-19.1801,139.039,12,21.3444,12,21.3444,1,1,7
1,100,200,4,173,26.7319,22.4381,18,4.60822,18,4.60822,1,1,5
1,100,200,4,174,67.458,30.2715,89,2.48221,89,2.48221,1,1,5
1,100,200,4,175,22.2447,-130.069,25,29.2695,25,29.2695,1,1,5
1,100,200,4,176,-26.6992,130.714,12,12.868,12,12.868,1,1,6
1,100,200,4,177,46.2728,77.9016,44,12.8696,44,12.8696,1,1,7
1,100,200,4,178,-47.8239,-51.7122,19,7.53313,19,7.53313,1,1,4
1,100,200,4,179,-84.5581,7.34927,48,1.3128,48,1.3128,1,1,7
1,100,200,4,180,76.9046,12.0899,55,4.63635,55,4.63635,1,1,4
1,100,200,4,181,-18.6416,-83.2141,70,2.86415,70,2.86415,1,1,3
1,100,200,4,182,-71.9281,-176.637,65,10.5656,65,10.5656,1,1,8
1,100,200,4,183,-84.2443,-71.8779,95,2.57294,95,2.57294,1,1,9
1,100,200,4,184,-87.5752,110.527,74,0.944243,74,0.944243,1,1,5
1,100,200,4,185,55.4908,-170.405,35,16.3854,35,16.3854,1,1,4
1,100,200,4,186,-37.5498,-178.713,13,37.9079,13,37.9079,1,1,3
1,100,200,4,187,80.883,66.5403,38,7.13326,38,7.13326,1,1,4
1,100,200,4,188,70.163,35.2297,89,2.49597,89,2.49597,1,1,5
1,100,200,4,189,-45.5108,95.242,34,9.11741,34,9.11741,1,1,6
1,100,200,4,190,-57.2494,133.468,90,13.7927,90,13.7927,1,1,6
1,100,200,4,191,72.5864,12.1028,55,6.61953,55,6.61953,1,1,5
1,100,200,4,192,42.0907,57.7185,44,4.50623,44,4.50623,1,1,8
1,100,200,4,193,-44.9978,168.534,12,27.8037,12,27.8037,1,1,5
1,100,200,4,194,-86.9968,-79.1119,95,0.456609,95,0.456609,1,1,8
1,100,200,4,195,-2.05855,159.816,21,7.51459,21,7.51459,1,1,9
1,100,200,4,196,56.489,138.6,68,14.6537,68,14.6537,1,1,5
1,100,200,4,197,-51.6993,149.122,12,17.2175,12,17.2175,1,1,5
1,100,200,4,198,70.9813,-91.8873,20,4.06148,20,4.06148,1,1,3
1,100,200,4,199,-51.3781,146.812,12,15.8934,12,15.8934,1,1,5
2,100,200,4,0,-29.2654,154.384,77,15.3902,77,15.3902,1,1,5
2,100,200,4,1,-48.8541,0.136765,66,4.7311,66,4.7311,1,1,7
2,100,200,4,2,-45.1099,-118.898,47,11.5102,47,11.5102,1,1,4
2,100,200,4,3,-35.0655,111.197,38,14.2662,38,14.2662,1,1,4
2,100,200,4,4,-37.6421,-133.691,69,9.16091,69,9.16091,1,1,6
2,100,200,4,5,-24.5026,-102.074,53,14.4187,53,14.4187,1,1,4
2,100,200,4,6,57.8772,171.92,92,16.545,92,16.545,1,1,6
2,100,200,4,7,43.7529,84.5792,78,15.5961,78,15.5961,1,1,4
2,100,200,4,8,81.2212,-91.8362,81,5.26236,81,5.26236,1,1,3
2,100,200,4,9,-10.9374,77.0021,33,6.20852,33,6.20852,1,1,7
2,100,200,4,10,-65.4084,-121.427,97,3.94927,97,3.94927,1,1,4
2,100,200,4,11,9.6677,-28.1683,63,22.5917,63,22.5917,1,1,7
2,100,200,4,12,65.8171,62.2821,29,7.93539,29,7.93539,1,1,6
2,100,200,4,13,18.2993,47.1459,26,8.94058,26,8.94058,1,1,5
2,100,200,4,14,-48.5102,-147.213,47,8.79129,47,8.79129,1,1,3
2,100,200,4,15,81.9091,24.4487,21,6.12068,21,6.12068,1,1,3
2,100,200,4,16,-86.4145,-113.89,28,4.97753,28,4.97753,1,1,2
2,100,200,4,17,-77.7073,-83.0488,28,8.57116,28,8.57116,1,1,2
2,100,200,4,18,-26.3942,-45.5456,70,3.35897,70,3.35897,1,1,7
2,100,200,4,19,-75.9261,51.9274,17,6.82968,17,6.82968,1,1,5
2,100,200,4,20,0.381638,-20.8574,63,16.4104,63,16.4104,1,1,7
2,100,200,4,21,64.9266,-63.4824,9,10.2237,9,10.2237,1,1,3
2,100,200,4,22,-14.4686,37.359,62,14.0235,62,14.0235,1,1,8
2,100,200,4,23,-79.4516,-46.4948,80,3.75507,80,3.75507,1,1,4
2,100,200,4,24,62.7614,-0.778046,32,8.91519,32,8.91519,1,1,3
2,100,200,4,25,-74.7464,174.706,35,8.02537,35,8.02537,1,1,5
2,100,200,4,26,28.8974,49.8427,5,8.5997,5,8.5997,1,1,3
2,100,200,4,27,-16.7311,9.42891,68,10.3941,68,10.3941,1,1,10
2,100,200,4,28,-33.9376,-176.864,79,14.5122,79,14.5122,1,1,4
2,100,200,4,29,-61.7126,15.1044,6,7.23158,6,7.23158,1,1,3
2,100,200,4,30,-72.0381,-139.607,67,5.63204,67,5.63204,1,1,2
2,100,200,4,31,-70.2235,-136.905,67,6.41342,67,6.41342,1,1,2
2,100,200,4,32,-36.7486,-115.862,57,15.4707,57,15.4707,1,1,6
2,100,200,4,33,-19.9769,53.7143,31,24.0572,31,24.0572,1,1,8
2,100,200,4,34,9.29642,-11.806,91,23.4922,91,23.4922,1,1,11
2,100,200,4,35,-37.1791,-160.644,36,17.855,36,17.855,1,1,4
2,100,200,4,36,73.6683,-124.505,22,3.58196,22,3.58196,1,1,4
2,100,200,4,37,-22.0632,-61.6006,20,5.11217,20,5.11217,1,1,3
2,100,200,4,38,46.427,-23.0296,32,24.2356,32,24.2356,1,1,4
2,100,200,4,39,35.9523,38.3767,5,17.308,5,17.308,1,1,3
2,100,200,4,40,78.0962,102.412,87,1.93708,87,1.93708,1,1,5
2,100,200,4,41,16.5414,33.9872,26,6.88319,26,6.88319,1,1,4
2,100,200,4,42,-13.8727,179.621,77,13.8979,77,13.8979,1,1,8
2,100,200,4,43,-68.292,84.3794,17,11.4611,17,11.4611,1,1,4
2,100,200,4,44,-88.6215,-80.0091,28,4.09672,28,4.09672,1,1,3
2,100,200,4,45,-40.2581,-141.319,47,11.4648,47,11.4648,1,1,4
2,100,200,4,46,-19.8081,-40.9633,70,8.03048,70,8.03048,1,1,8
2,100,200,4,47,-49.1121,66.8866,96,11.3454,96,11.3454,1,1,5
2,100,200,4,48,11.5876,41.8218,26,2.19071,26,2.19071,1,1,5
2,100,200,4,49,-29.6995,-138.232,69,4.53756,69,4.53756,1,1,5
2,100,200,4,50,-74.9921,46.2426,48,7.98769,48,7.98769,1,1,6
2,100,200,4,51,-59.4379,177.352,7,22.7003,7,22.7003,1,1,4
2,100,200,4,52,50.8688,16.9978,98,3.93796,98,3.93796,1,1,8
2,100,200,4,53,-32.1241,14.5916,62,13.4517,62,13.4517,1,1,8
2,100,200,4,54,86.9841,-172.344,81,5.4813,81,5.4813,1,1,4
2,100,200,4,55,-63.5158,150.161,7,11.3725,7,11.3725,1,1,4
2,100,200,4,56,55.0341,86.0511,78,10.9792,78,10.9792,1,1,5
2,100,200,4,57,2.07388,-97.6773,76,16.3695,76,16.3695,1,1,4
2,100,200,4,58,42.8359,47.5638,5,13.6575,5,13.6575,1,1,3
2,100,200,4,59,83.351,88.4287,87,5.07649,87,5.07649,1,1,6
2,100,200,4,60,73.7773,-93.8143,22,6.05433,22,6.05433,1,1,3
2,100,200,4,61,63.5548,-72.0615,9,6.3872,9,6.3872,1,1,3
2,100,200,4,62,22.6112,-151.115,34,14.0659,34,14.0659,1,1,6
2,100,200,4,63,87.4125,-111.602,81,2.08258,81,2.08258,1,1,4
2,100,200,4,64,35.3535,-64.574,10,7.16934,10,7.16934,1,1,5
2,100,200,4,65,-34.9171,100.723,58,14.7045,58,14.7045,1,1,6
2,100,200,4,66,80.8343,-8.71017,21,6.94733,21,6.94733,1,1,3
2,100,200,4,67,49.0377,83.4062,78,13.4834,78,13.4834,1,1,4
2,100,200,4,68,-85.8562,-146.173,0,5.98323,0,5.98323,1,1,1
2,100,200,4,69,-41.0011,-177.744,73,16.8489,73,16.8489,1,1,3
2,100,200,4,70,-69.2583,-29.0339,80,7.39677,80,7.39677,1,1,7
2,100,200,4,71,76.2082,151.552,92,5.1349,92,5.1349,1,1,7
2,100,200,4,72,-61.4914,-23.4358,12,11.8708,12,11.8708,1,1,4
2,100,200,4,73,-63.0629,142.689,7,9.10995,7,9.10995,1,1,4
2,100,200,4,74,-77.936,-139.424,67,4.80363,67,4.80363,1,1,2
2,100,200,4,75,25.5589,171.683,16,10.8869,16,10.8869,1,1,7
2,100,200,4,76,-26.619,-1.77272,43,9.60137,43,9.60137,1,1,6
2,100,200,4,77,-40.1894,171.984,77,15.0073,77,15.0073,1,1,5
2,100,200,4,78,13.5563,-85.5538,24,13.9747,24,13.9747,1,1,4
2,100,200,4,79,-59.8089,-82.1805,86,8.7673,86,8.7673,1,1,5
2,100,200,4,80,14.9361,-9.45216,91,18.9547,91,18.9547,1,1,9
2,100,200,4,81,-80.7288,11.5408,48,6.81791,48,6.81791,1,1,5
2,100,200,4,82,80.9188,116.618,87,1.91726,87,1.91726,1,1,6
2,100,200,4,83,-42.5265,170.125,77,17.343,77,17.343,1,1,5
2,100,200,4,84,75.2224,12.9449,32,9.34758,32,9.34758,1,1,4
2,100,200,4,85,86.1906,-168.072,81,5.80345,81,5.80345,1,1,4
2,100,200,4,86,81.9555,144.798,52,0.588009,52,0.588009,1,1,5
2,100,200,4,87,81.74,-139.072,81,7.71212,81,7.71212,1,1,5
2,100,200,4,88,-29.3192,-142.646,69,8.2869,69,8.2869,1,1,5
2,100,200,4,89,-88.1913,-34.5104,28,3.50047,28,3.50047,1,1,4
2,100,200,4,90,-51.0348,54.7351,41,10.3008,41,10.3008,1,1,4
2,100,200,4,91,-21.4139,24.6925,62,1.37101,62,1.37101,1,1,10
2,100,200,4,92,-63.5188,56.7934,6,11.7909,6,11.7909,1,1,3
2,100,200,4,93,8.33849,80.0749,93,10.3216,93,10.3216,1,1,8
2,100,200,4,94,75.6198,77.0591,90,2.07608,90,2.07608,1,1,6
2,100,200,4,95,88.9472,1.11188,21,1.25469,21,1.25469,1,1,3
2,100,200,4,96,-56.1965,-163.563,73,5.49514,73,5.49514,1,1,3
2,100,200,4,97,-83.6736,-130.555,0,6.35926,0,6.35926,1,1,1
2,100,200,4,98,66.5273,-72.4002,9,7.03283,9,7.03283,1,1,3
2,100,200,4,99,-70.215,103.499,60,8.45799,60,8.45799,1,1,5
2,100,200,4,100,60.2723,-148.049,18,1.39155,18,1.39155,1,1,4
2,100,200,4,101,57.7139,104.456,78,5.35879,78,5.35879,1,1,5
2,100,200,4,102,88.3743,98.9078,74,0.847505,74,0.847505,1,1,4
2,100,200,4,103,72.692,-61.8898,1,5.67787,1,5.67787,1,1,2
2,100,200,4,104,68.131,149.001,92,9.33832,92,9.33832,1,1,6
2,100,200,4,105,41.7999,-145.807,18,19.8536,18,19.8536,1,1,4
2,100,200,4,106,11.8682,-139.228,88,3.01878,88,3.01878,1,1,7
2,100,200,4,107,29.4425,76.6989,14,13.4737,14,13.4737,1,1,4
2,100,200,4,108,48.7828,-104.438,9,17.2972,9,17.2972,1,1,3
2,100,200,4,109,-11.6131,68.8052,31,11.1702,31,11.1702,1,1,7
2,100,200,4,110,76.3106,-25.3318,32,7.08769,32,7.08769,1,1,3
2,100,200,4,111,-55.0415,-139.772,47,5.70452,47,5.70452,1,1,2
2,100,200,4,112,-4.44745,-97.4302,4,16.4916,4,16.4916,1,1,3
2,100,200,4,113,-45.1636,-55.8403,64,14.4145,64,14.4145,1,1,5
2,100,200,4,114,5.08478,-50.7573,99,14.3792,99,14.3792,1,1,7
2,100,200,4,115,-66.1704,-49.2858,86,8.79076,86,8.79076,1,1,7
2,100,200,4,116,-9.40311,163.087,85,17.2593,85,17.2593,1,1,9
2,100,200,4,117,-62.415,-22.0577,45,11.3512,45,11.3512,1,1,6
2,100,200,4,118,40.9974,-159.446,18,21.5135,18,21.5135,1,1,4
2,100,200,4,119,48.0262,38.2569,98,11.7775,98,11.7775,1,1,6
2,100,200,4,120,84.7777,-0.347672,21,2.92077,21,2.92077,1,1,3
2,100,200,4,121,36.2247,13.2919,98,12.7775,98,12.7775,1,1,8
2,100,200,4,122,20.2122,-48.6655,19,14.3674,19,14.3674,1,1,5
2,100,200,4,123,-45.0046,-42.01,12,9.81842,12,9.81842,1,1,5
2,100,200,4,124,13.4482,66.7645,93,14.7458,93,14.7458,1,1,5
2,100,200,4,125,-76.6024,-0.482361,80,8.94972,80,8.94972,1,1,6
2,100,200,4,126,-69.2836,-83.2877,97,11.5225,97,11.5225,1,1,5
2,100,200,4,127,19.8729,32.5379,26,10.0587,26,10.0587,1,1,4
2,100,200,4,128,-0.358971,129.419,39,11.2111,39,11.2111,1,1,8
2,100,200,4,129,78.3488,-170.548,82,8.05586,82,8.05586,1,1,6
2,100,200,4,130,-50.6693,-155.643,73,12.4471,73,12.4471,1,1,3
2,100,200,4,131,-19.9171,59.8551,31,18.2853,31,18.2853,1,1,7
2,100,200,4,132,-86.2781,15.3358,15,4.32875,15,4.32875,1,1,3
2,100,200,4,133,-71.1013,89.4387,60,8.78217,60,8.78217,1,1,5
2,100,200,4,134,17.9449,133.85,59,8.37063,59,8.37063,1,1,10
2,100,200,4,135,-26.1522,25.4452,62,3.50762,62,3.50762,1,1,9
2,100,200,4,136,-23.2489,-159.855,36,5.81383,36,5.81383,1,1,3
2,100,200,4,137,-70.6315,173.927,35,11.6215,35,11.6215,1,1,5
2,100,200,4,138,-14.2603,-51.2722,25,2.74327,25,2.74327,1,1,5
2,100,200,4,139,-24.0417,178.376,77,6.73485,77,6.73485,1,1,5
2,100,200,4,140,-82.2538,-21.2882,28,4.30168,28,4.30168,1,1,4
2,100,200,4,141,-1.05321,-123.075,51,12.8167,51,12.8167,1,1,5
2,100,200,4,142,37.712,-142.361,18,24.2397,18,24.2397,1,1,4
2,100,200,4,143,44.7315,-105.294,56,17.6103,56,17.6103,1,1,4
2,100,200,4,144,83.529,66.1606,74,6.2977,74,6.2977,1,1,4
2,100,200,4,145,-47.9211,-114.281,47,13.1579,47,13.1579,1,1,3
2,100,200,4,146,45.2587,44.3236,98,16.4517,98,16.4517,1,1,4
2,100,200,4,147,62.7872,97.9612,27,9.70381,27,9.70381,1,1,5
2,100,200,4,148,-60.1703,163.372,7,15.4696,7,15.4696,1,1,4
2,100,200,4,149,3.69998,95.5493,84,8.6134,84,8.6134,1,1,8
2,100,200,4,150,58.6108,135.096,94,11.8799,94,11.8799,1,1,6
2,100,200,4,151,-29.5028,-109.276,53,14.6386,53,14.6386,1,1,5
2,100,200,4,152,77.6203,-20.2684,1,7.60141,1,7.60141,1,1,2
2,100,200,4,153,-57.6748,-53.2799,86,6.52881,86,6.52881,1,1,5
2,100,200,4,154,54.2297,16.567,89,4.37596,89,4.37596,1,1,8
2,100,200,4,155,-27.452,123.952,39,16.5846,39,16.5846,1,1,5
2,100,200,4,156,87.6394,122.99,74,1.59499,74,1.59499,1,1,4
2,100,200,4,157,-89.5615,70.7029,65,0.910217,65,0.910217,1,1,4
2,100,200,4,158,80.3145,90.34,87,3.53321,87,3.53321,1,1,6
2,100,200,4,159,72.7045,147.687,92,6.68514,92,6.68514,1,1,7
2,100,200,4,160,-11.7497,-130.433,42,7.67569,42,7.67569,1,1,4
2,100,200,4,161,-73.2969,-112.982,67,3.22997,67,3.22997,1,1,2
2,100,200,4,162,46.9452,158.981,50,8.75795,50,8.75795,1,1,5
2,100,200,4,163,82.4896,153.55,52,0.718931,52,0.718931,1,1,4
2,100,200,4,164,71.1761,-7.62088,32,2.17354,32,2.17354,1,1,3
2,100,200,4,165,34.5496,79.5738,14,16.4385,14,16.4385,1,1,4
2,100,200,4,166,-26.2626,-169.906,79,7.08127,79,7.08127,1,1,4
2,100,200,4,167,75.1488,-77.2847,1,5.68891,1,5.68891,1,1,2
2,100,200,4,168,-5.0874,-145.052,13,7.30135,13,7.30135,1,1,3
2,100,200,4,169,24.7177,-81.7154,56,10.6251,56,10.6251,1,1,7
2,100,200,4,170,25.7575,174.531,16,12.236,16,12.236,1,1,7
2,100,200,4,171,-68.8818,46.7939,6,8.40469,6,8.40469,1,1,3
2,100,200,4,172,58.7606,-136.887,18,6.74344,18,6.74344,1,1,4
2,100,200,4,173,-31.2516,98.1501,58,10.4432,58,10.4432,1,1,7
2,100,200,4,174,66.7267,-97.0943,9,6.26843,9,6.26843,1,1,3
2,100,200,4,175,32.9185,-70.0461,19,10.2569,19,10.2569,1,1,6
2,100,200,4,176,-23.7638,99.2432,58,6.53136,58,6.53136,1,1,8
2,100,200,4,177,-1.51408,-133.637,51,2.50466,51,2.50466,1,1,4
2,100,200,4,178,39.1119,-18.049,98,29.4342,98,29.4342,1,1,6
2,100,200,4,179,-80.0437,40.576,48,3.61484,48,3.61484,1,1,5
2,100,200,4,180,77.1651,89.0117,90,4.4749,90,4.4749,1,1,7
2,100,200,4,181,-29.9251,-78.1952,61,6.63919,61,6.63919,1,1,4
2,100,200,4,182,49.5527,-89.5526,9,13.2159,9,13.2159,1,1,3
2,100,200,4,183,12.2601,-91.0695,76,10.9561,76,10.9561,1,1,5
2,100,200,4,184,-27.3023,-106.044,53,13.9374,53,13.9374,1,1,4
2,100,200,4,185,3.60758,176.911,77,29.3732,77,29.3732,1,1,7
2,100,200,4,186,-55.7565,49.4516,41,8.23051,41,8.23051,1,1,4
2,100,200,4,187,21.8522,-173.992,34,23.8951,34,23.8951,1,1,6
2,100,200,4,188,46.2825,161.201,50,9.80152,50,9.80152,1,1,5
2,100,200,4,189,52.0791,46.0183,49,14.5658,49,14.5658,1,1,4
2,100,200,4,190,-57.9466,-10.0047,45,5.37681,45,5.37681,1,1,5
2,100,200,4,191,77.9861,16.5793,21,9.86756,21,9.86756,1,1,3
2,100,200,4,192,-45.3807,-27.056,12,5.05614,12,5.05614,1,1,5
2,100,200,4,193,31.471,167.462,16,3.90288,16,3.90288,1,1,7
2,100,200,4,194,67.4475,82.8547,29,7.60375,29,7.60375,1,1,6
2,100,200,4,195,14.0191,109.225,84,8.94673,84,8.94673,1,1,11
2,100,200,4,196,-4.06678,148.188,85,7.2948,85,7.2948,1,1,8
2,100,200,4,197,-74.485,-89.0282,67,8.9006,67,8.9006,1,1,3
2,100,200,4,198,-60.6822,55.5502,6,12.1832,6,12.1832,1,1,3
2,100,200,4,199,-0.0488358,4.03102,68,16.1826,68,16.1826,1,1,8
3,100,200,4,0,-49.2545,-18.8639,98,10.4237,98,10.4237,1,1,7
3,100,200,4,1,24.8735,-17.561,22,17.8049,22,17.8049,1,1,8
3,100,200,4,2,-67.2265,133.113,4,9.96621,4,9.96621,1,1,4
3,100,200,4,3,-34.1378,126.308,87,14.3549,87,14.3549,1,1,9
3,100,200,4,4,51.9952,-166.785,42,1.66424,42,1.66424,1,1,2
3,100,200,4,5,-67.4077,128.936,4,9.67162,4,9.67162,1,1,4
3,100,200,4,6,22.0991,-137.008,2,6.36399,2,6.36399,1,1,3
3,100,200,4,7,-78.3621,173.292,4,9.68548,4,9.68548,1,1,4
3,100,200,4,8,55.9334,134.757,88,18.9085,88,18.9085,1,1,11
3,100,200,4,9,10.2719,-57.7741,95,13.2235,95,13.2235,1,1,6
3,100,200,4,10,74.733,-163.709,66,1.02313,66,1.02313,1,1,3
3,100,200,4,11,34.5307,-15.983,71,13.8741,71,13.8741,1,1,6
3,100,200,4,12,23.9521,103.419,84,13.7395,84,13.7395,1,1,11
3,100,200,4,13,6.08278,109.582,99,26.9977,99,26.9977,1,1,10
3,100,200,4,14,-50.495,-155.994,10,12.0572,10,12.0572,1,1,4
3,100,200,4,15,33.1554,-19.499,71,16.2394,71,16.2394,1,1,6
3,100,200,4,16,2.57099,-63.9421,95,11.7567,95,11.7567,1,1,6
3,100,200,4,17,71.47,50.6889,49,9.18258,49,9.18258,1,1,4
3,100,200,4,18,-55.4145,-105.336,48,9.86921,48,9.86921,1,1,8
3,100,200,4,19,-1.50146,173.161,59,6.64719,59,6.64719,1,1,9
3,100,200,4,20,-46.0603,42.1817,38,14.5089,38,14.5089,1,1,7
3,100,200,4,21,61.0486,132.078,85,20.046,85,20.046,1,1,10
3,100,200,4,22,42.5868,145.373,88,4.67659,88,4.67659,1,1,7
3,100,200,4,23,62.6846,17.0404,93,8.6914,93,8.6914,1,1,4
3,100,200,4,24,50.065,-34.087,14,9.10674,14,9.10674,1,1,3
3,100,200,4,25,69.6332,69.5961,75,6.08105,75,6.08105,1,1,5
3,100,200,4,26,-8.89803,28.3278,67,8.04113,67,8.04113,1,1,8
3,100,200,4,27,-63.1934,-149.892,97,9.65597,97,9.65597,1,1,7
3,100,200,4,28,-24.1268,65.7787,32,2.39684,32,2.39684,1,1,9
3,100,200,4,29,69.8453,30.7563,49,11.0204,49,11.0204,1,1,4
3,100,200,4,30,44.8923,26.0016,7,8.42383,7,8.42383,1,1,2
3,100,200,4,31,-84.3714,-85.0734,5,2.0297,5,2.0297,1,1,4
3,100,200,4,32,71.0297,154.197,61,6.2698,61,6.2698,1,1,6
3,100,200,4,33,72.8077,-148.77,24,2.93382,24,2.93382,1,1,3
3,100,200,4,34,-65.5692,-37.3875,37,8.49941,37,8.49941,1,1,4
3,100,200,4,35,-77.8041,-43.2589,3,2.60473,3,2.60473,1,1,3
3,100,200,4,36,-87.6029,146.489,4,10.8063,4,10.8063,1,1,4
3,100,200,4,37,-45.5907,89.9679,86,17.6902,86,17.6902,1,1,8
3,100,200,4,38,55.9311,-145.812,42,14.2689,42,14.2689,1,1,3
3,100,200,4,39,-36.4958,31.9922,58,25.1797,58,25.1797,1,1,8
3,100,200,4,40,0.0503693,-113.725,47,9.7898,47,9.7898,1,1,6
3,100,200,4,41,-39.2059,162.305,6,10.9874,6,10.9874,1,1,6
3,100,200,4,42,47.3013,-24.7986,14,10.0836,14,10.0836,1,1,3
3,100,200,4,43,-83.7935,-133.651,12,1.47572,12,1.47572,1,1,5
3,100,200,4,44,-69.5099,152.104,4,10.229,4,10.229,1,1,4
3,100,200,4,45,38.5526,130.765,73,4.93587,73,4.93587,1,1,9
3,100,200,4,46,-0.947433,88.3624,28,8.70982,28,8.70982,1,1,8
3,100,200,4,47,-67.1544,-39.8354,37,6.70478,37,6.70478,1,1,4
3,100,200,4,48,31.2798,-168.693,72,8.3965,72,8.3965,1,1,6
3,100,200,4,49,-4.30249,111.421,18,26.4905,18,26.4905,1,1,7
3,100,200,4,50,-13.0404,15.7867,67,20.4445,67,20.4445,1,1,7
3,100,200,4,51,-55.9188,-21.2865,98,3.64954,98,3.64954,1,1,6
3,100,200,4,52,-8.86213,-23.019,62,4.09058,62,4.09058,1,1,6
3,100,200,4,53,-55.6593,-85.8622,48,5.55371,48,5.55371,1,1,7
3,100,200,4,54,5.5844,-4.3103,22,14.0144,22,14.0144,1,1,6
3,100,200,4,55,63.065,-168.73,0,2.48665,0,2.48665,1,1,1
3,100,200,4,56,30.9822,-132.282,2,3.79587,2,3.79587,1,1,3
3,100,200,4,57,86.7871,-23.4331,55,3.65762,55,3.65762,1,1,5
3,100,200,4,58,11.4598,-174.013,94,10.6734,94,10.6734,1,1,4
3,100,200,4,59,11.4579,63.8998,15,25.4184,15,25.4184,1,1,6
3,100,200,4,60,79.0453,-79.9791,55,6.28239,55,6.28239,1,1,3
3,100,200,4,61,7.33224,-23.8041,22,5.43673,22,5.43673,1,1,7
3,100,200,4,62,-85.8083,60.3557,90,9.31099,90,9.31099,1,1,6
3,100,200,4,63,58.1802,70.943,75,7.59433,75,7.59433,1,1,6
3,100,200,4,64,35.8312,-72.2445,89,8.52749,89,8.52749,1,1,6
3,100,200,4,65,1.18212,-134.418,74,11.5529,74,11.5529,1,1,5
3,100,200,4,66,61.7711,70.5266,75,4.81163,75,4.81163,1,1,6
3,100,200,4,67,12.1476,-74.182,9,8.24036,9,8.24036,1,1,4
3,100,200,4,68,-66.2462,92.9766,76,2.30811,76,2.30811,1,1,6
3,100,200,4,69,9.97791,58.6765,96,26.8931,96,26.8931,1,1,7
3,100,200,4,70,-45.6668,-33.9142,98,14.6869,98,14.6869,1,1,9
3,100,200,4,71,34.973,150.631,88,5.41115,88,5.41115,1,1,7
3,100,200,4,72,6.90205,63.5202,28,24.2151,28,24.2151,1,1,7
3,100,200,4,73,-26.4012,-143.276,39,12.7068,39,12.7068,1,1,5
3,100,200,4,74,34.7537,150.113,88,5.65944,88,5.65944,1,1,7
3,100,200,4,75,50.3118,47.5981,44,8.39898,44,8.39898,1,1,3
3,100,200,4,76,-54.9329,-64.7119,26,7.05915,26,7.05915,1,1,4
3,100,200,4,77,-78.103,-101.482,5,4.73398,5,4.73398,1,1,4
3,100,200,4,78,87.8219,140.154,91,7.10597,91,7.10597,1,1,5
3,100,200,4,79,74.7303,67.3062,85,6.79003,85,6.79003,1,1,4
3,100,200,4,80,-56.045,-28.1752,98,3.71233,98,3.71233,1,1,5
3,100,200,4,81,56.444,-168.548,42,4.08324,42,4.08324,1,1,2
3,100,200,4,82,-68.8243,-42.8168,37,4.86915,37,4.86915,1,1,4
3,100,200,4,83,-31.365,-90.1409,57,13.0931,57,13.0931,1,1,11
3,100,200,4,84,-64.9201,137.226,4,12.5096,4,12.5096,1,1,4
3,100,200,4,85,74.2678,-41.1739,55,12.1098,55,12.1098,1,1,4
3,100,200,4,86,-38.3442,38.4816,86,21.7644,86,21.7644,1,1,9
3,100,200,4,87,-35.2716,117.116,18,10.3697,18,10.3697,1,1,6
3,100,200,4,88,-38.9991,56.6544,86,11.9026,86,11.9026,1,1,8
3,100,200,4,89,76.9198,171.509,61,2.61544,61,2.61544,1,1,7
3,100,200,4,90,13.3839,74.4632,28,22.6799,28,22.6799,1,1,7
3,100,200,4,91,19.5536,96.902,84,19.633,84,19.633,1,1,8
3,100,200,4,92,-85.1244,62.9012,90,8.99385,90,8.99385,1,1,6
3,100,200,4,93,87.7098,-174.605,91,2.36132,91,2.36132,1,1,5
3,100,200,4,94,11.5278,144.88,54,8.83456,54,8.83456,1,1,8
3,100,200,4,95,36.3506,90.9656,84,11.9943,84,11.9943,1,1,9
3,100,200,4,96,-31.6476,5.58925,58,16.679,58,16.679,1,1,6
3,100,200,4,97,51.2089,-20.9437,14,6.59913,14,6.59913,1,1,3
3,100,200,4,98,71.3862,-140.312,68,3.96763,68,3.96763,1,1,4
3,100,200,4,99,34.4577,-167.068,72,10.7119,72,10.7119,1,1,5
3,100,200,4,100,88.4568,37.4509,91,3.32625,91,3.32625,1,1,5
3,100,200,4,101,-14.1208,-79.7746,29,3.48177,29,3.48177,1,1,7
3,100,200,4,102,-52.0338,81.2152,86,10.9174,86,10.9174,1,1,7
3,100,200,4,103,-71.3294,-2.06578,3,10.1246,3,10.1246,1,1,3
3,100,200,4,104,-21.0652,-168.819,1,22.5548,1,22.5548,1,1,2
3,100,200,4,105,-5.27831,164.637,50,9.37249,50,9.37249,1,1,8
3,100,200,4,106,42.822,-151.449,17,7.77317,17,7.77317,1,1,3
3,100,200,4,107,40.7696,95.3952,84,8.76881,84,8.76881,1,1,8
3,100,200,4,108,45.7259,76.9588,33,10.0658,33,10.0658,1,1,6
3,100,200,4,109,50.3951,-65.4925,51,5.31271,51,5.31271,1,1,8
3,100,200,4,110,20.9194,-6.50854,22,17.9717,22,17.9717,1,1,8
3,100,200,4,111,-77.2634,158.544,4,6.74982,4,6.74982,1,1,4
3,100,200,4,112,89.5404,127.891,91,3.23443,91,3.23443,1,1,6
3,100,200,4,113,-21.2,141.853,50,24.1377,50,24.1377,1,1,8
3,100,200,4,114,83.7893,-153.485,91,5.95347,91,5.95347,1,1,5
3,100,200,4,115,77.3927,164.492,61,3.6057,61,3.6057,1,1,7
3,100,200,4,116,31.9832,-53.4561,51,22.3926,51,22.3926,1,1,6
3,100,200,4,117,-47.6411,139.899,79,5.7984,79,5.7984,1,1,8
3,100,200,4,118,-76.1205,-57.941,37,5.74489,37,5.74489,1,1,4
3,100,200,4,119,-21.0835,-14.3713,8,4.78176,8,4.78176,1,1,5
3,100,200,4,120,-23.3801,127.276,18,19.99,18,19.99,1,1,7
3,100,200,4,121,-14.867,-141.116,39,24.0399,39,24.0399,1,1,3
3,100,200,4,122,77.9135,-128.195,68,3.27996,68,3.27996,1,1,3
3,100,200,4,123,67.1394,67.2789,75,5.31878,75,5.31878,1,1,6
3,100,200,4,124,64.382,55.0691,49,2.92256,49,2.92256,1,1,5
3,100,200,4,125,-89.1068,-9.397,12,7.78905,12,7.78905,1,1,5
3,100,200,4,126,-65.7197,-152.74,97,7.1087,97,7.1087,1,1,8
3,100,200,4,127,-15.4266,-132.359,47,23.6507,47,23.6507,1,1,5
3,100,200,4,128,77.5752,106.747,85,4.40766,85,4.40766,1,1,4
3,100,200,4,129,-85.2528,142.729,4,8.47712,4,8.47712,1,1,4
3,100,200,4,130,66.6311,164.28,61,8.11469,61,8.11469,1,1,7
3,100,200,4,131,63.6107,17.2286,93,9.35689,93,9.35689,1,1,4
3,100,200,4,132,-34.5882,-148.061,39,7.3921,39,7.3921,1,1,5
3,100,200,4,133,-11.4364,-41.4173,95,14.9247,95,14.9247,1,1,7
3,100,200,4,134,-13.001,114.96,18,19.1212,18,19.1212,1,1,6
3,100,200,4,135,62.1057,107.238,75,12.9356,75,12.9356,1,1,7
3,100,200,4,136,31.1183,-85.5225,89,10.2648,89,10.2648,1,1,6
3,100,200,4,137,73.0607,38.0636,31,8.77616,31,8.77616,1,1,3
3,100,200,4,138,-16.8586,100.4,18,14.507,18,14.507,1,1,6
3,100,200,4,139,-37.3288,-84.9531,43,13.0662,43,13.0662,1,1,9
3,100,200,4,140,-12.2653,-72.8712,29,7.74821,29,7.74821,1,1,8
3,100,200,4,141,42.8249,24.0299,7,10.681,7,10.681,1,1,2
3,100,200,4,142,-22.8059,-125.203,56,19.7268,56,19.7268,1,1,6
3,100,200,4,143,35.8355,-70.4614,89,9.70249,89,9.70249,1,1,6
3,100,200,4,144,80.7717,81.1655,31,6.30132,31,6.30132,1,1,3
3,100,200,4,145,-53.8662,114.806,78,5.0286,78,5.0286,1,1,6
3,100,200,4,146,32.7226,-160.511,72,8.98802,72,8.98802,1,1,5
3,100,200,4,147,-23.9829,176.269,6,8.30684,6,8.30684,1,1,6
3,100,200,4,148,-64.286,109.162,76,4.81491,76,4.81491,1,1,5
3,100,200,4,149,-22.5742,25.4261,67,21.2692,67,21.2692,1,1,7
3,100,200,4,150,22.0609,-100.937,9,24.1766,9,24.1766,1,1,4
3,100,200,4,151,-23.6681,-73.6417,29,14.5478,29,14.5478,1,1,9
3,100,200,4,152,-3.2297,-81.2147,29,7.53231,29,7.53231,1,1,5
3,100,200,4,153,72.2109,139.823,61,9.54071,61,9.54071,1,1,6
3,100,200,4,154,-80.4072,-110.236,5,3.62619,5,3.62619,1,1,4
3,100,200,4,155,-62.5649,-5.345,98,9.88656,98,9.88656,1,1,5
3,100,200,4,156,-1.55346,140.52,99,8.37919,99,8.37919,1,1,8
3,100,200,4,157,-80.6576,131.281,4,3.63153,4,3.63153,1,1,4
3,100,200,4,158,-82.3417,90.356,11,8.11092,11,8.11092,1,1,5
3,100,200,4,159,-59.59,176.86,60,0.776479,60,0.776479,1,1,6
3,100,200,4,160,-4.23927,-46.9124,95,6.59029,95,6.59029,1,1,8
3,100,200,4,161,55.8329,-123.033,27,18.4452,27,18.4452,1,1,4
3,100,200,4,162,-13.7117,-116.3,56,9.31435,56,9.31435,1,1,6
3,100,200,4,163,-63.3822,24.0045,63,9.75249,63,9.75249,1,1,5
3,100,200,4,164,86.4308,8.0874,91,5.24888,91,5.24888,1,1,5
3,100,200,4,165,-65.2847,36.9834,63,3.87326,63,3.87326,1,1,5
3,100,200,4,166,43.5753,2.09439,40,3.91618,40,3.91618,1,1,3
3,100,200,4,167,71.6709,-99.3089,13,6.5902,13,6.5902,1,1,2
3,100,200,4,168,50.4398,107.764,84,12.9842,84,12.9842,1,1,8
3,100,200,4,169,-69.7427,120.065,4,7.68918,4,7.68918,1,1,4
3,100,200,4,170,88.7639,-84.6153,91,0.450529,91,0.450529,1,1,4
3,100,200,4,171,-32.6398,-5.57901,83,9.75539,83,9.75539,1,1,6
3,100,200,4,172,-62.0476,-46.5948,37,9.18107,37,9.18107,1,1,4
3,100,200,4,173,-27.1488,-108.778,57,13.204,57,13.204,1,1,8
3,100,200,4,174,-68.1194,6.52235,90,11.8612,90,11.8612,1,1,4
3,100,200,4,175,-55.9592,35.2827,63,10.3215,63,10.3215,1,1,6
3,100,200,4,176,69.805,179.747,61,5.07777,61,5.07777,1,1,6
3,100,200,4,177,46.1247,-67.8135,51,4.3783,51,4.3783,1,1,7
3,100,200,4,178,-58.2762,145.485,79,10.0522,79,10.0522,1,1,7
3,100,200,4,179,68.0955,-123.691,68,7.81916,68,7.81916,1,1,4
3,100,200,4,180,-13.2137,-174.378,1,18.3964,1,18.3964,1,1,2
3,100,200,4,181,46.6463,-119.277,17,16.7625,17,16.7625,1,1,3
3,100,200,4,182,3.85799,56.6344,67,23.8965,67,23.8965,1,1,8
3,100,200,4,183,-19.2929,-71.4043,29,12.3472,29,12.3472,1,1,8
3,100,200,4,184,-7.80099,1.9287,8,15.8334,8,15.8334,1,1,6
3,100,200,4,185,-65.6695,-18.0741,98,7.139,98,7.139,1,1,4
3,100,200,4,186,48.6567,-16.6186,71,4.77958,71,4.77958,1,1,5
3,100,200,4,187,78.1734,153.218,61,5.93119,61,5.93119,1,1,6
3,100,200,4,188,58.3933,-77.9507,27,8.67723,27,8.67723,1,1,3
3,100,200,4,189,-67.7801,160.548,60,10.4862,60,10.4862,1,1,5
3,100,200,4,190,54.2858,-67.4786,51,6.72788,51,6.72788,1,1,6
3,100,200,4,191,7.91526,68.1816,28,21.4151,28,21.4151,1,1,7
3,100,200,4,192,-33.8655,-71.9201,26,17.3864,26,17.3864,1,1,8
3,100,200,4,193,-89.8159,-4.28346,12,7.90813,12,7.90813,1,1,5
3,100,200,4,194,-53.2175,136.559,87,6.72148,87,6.72148,1,1,9
3,100,200,4,195,26.0129,47.1376,77,12.8224,77,12.8224,1,1,5
3,100,200,4,196,71.0903,-34.6815,14,14.3463,14,14.3463,1,1,4
3,100,200,4,197,53.9303,-30.1033,14,4.5223,14,4.5223,1,1,3
3,100,200,4,198,-79.0236,-110.725,5,4.76169,5,4.76169,1,1,4
3,100,200,4,199,39.2462,6.35091,40,9.26811,40,9.26811,1,1,4
4,100,200,4,0,53.8508,34.0387,6,7.64894,6,7.64894,1,1,3
4,100,200,4,1,40.2948,138.529,59,10.0382,59,10.0382,1,1,2
4,100,200,4,2,10.2613,151.856,73,13.0027,73,13.0027,1,1,3
4,100,200,4,3,-36.714,-63.096,82,2.99217,82,2.99217,1,1,11
4,100,200,4,4,41.2493,37.2001,14,5.80726,14,5.80726,1,1,5
4,100,200,4,5,69.5327,130.875,17,13.968,17,13.968,1,1,4
4,100,200,4,6,40.9578,-4.181,11,10.9759,11,10.9759,1,1,4
4,100,200,4,7,67.7095,-161.037,75,10.8566,75,10.8566,1,1,9
4,100,200,4,8,-88.2302,-77.4646,48,0.916659,48,0.916659,1,1,11
4,100,200,4,9,86.0072,21.4063,1,3.38705,1,3.38705,1,1,2
4,100,200,4,10,21.9141,-102.528,25,2.57871,25,2.57871,1,1,6
4,100,200,4,11,-54.0628,104.406,42,7.45201,42,7.45201,1,1,5
4,100,200,4,12,83.8481,173.05,69,5.91891,69,5.91891,1,1,4
4,100,200,4,13,-45.7839,-161.959,90,25.0187,90,25.0187,1,1,5
4,100,200,4,14,-40.8937,120.626,42,11.6879,42,11.6879,1,1,3
4,100,200,4,15,20.6961,-154.086,55,7.55268,55,7.55268,1,1,7
4,100,200,4,16,-12.6679,-58.0183,94,21.6122,94,21.6122,1,1,9
4,100,200,4,17,82.2217,175.187,69,7.6959,69,7.6959,1,1,5
4,100,200,4,18,-43.0812,-88.9845,44,16.223,44,16.223,1,1,6
4,100,200,4,19,-33.9545,176.336,39,20.9827,39,20.9827,1,1,3
4,100,200,4,20,64.1078,-108.844,76,4.00455,76,4.00455,1,1,6
4,100,200,4,21,63.6056,30.1311,57,2.3724,57,2.3724,1,1,4
4,100,200,4,22,33.4877,82.6302,88,25.7938,88,25.7938,1,1,4
4,100,200,4,23,24.5468,70.5149,51,30.2978,51,30.2978,1,1,5
4,100,200,4,24,-87.4172,41.108,54,2.63842,54,2.63842,1,1,9
4,100,200,4,25,-44.0394,48.9938,95,3.39212,95,3.39212,1,1,6
4,100,200,4,26,59.29,-16.2043,45,1.66592,45,1.66592,1,1,5
4,100,200,4,27,-13.3003,106.276,72,18.3996,72,18.3996,1,1,5
4,100,200,4,28,-11.5772,61.8316,53,24.9827,53,24.9827,1,1,5
4,100,200,4,29,62.1589,75.0583,37,1.43214,37,1.43214,1,1,6
4,100,200,4,30,1.22858,-14.29,84,17.4765,84,17.4765,1,1,7
4,100,200,4,31,50.4862,157.121,20,9.01324,20,9.01324,1,1,2
4,100,200,4,32,53.8459,85.416,37,9.06637,37,9.06637,1,1,4
4,100,200,4,33,76.1542,-158.471,71,6.32224,71,6.32224,1,1,5
4,100,200,4,34,88.2157,-95.6007,69,5.12948,69,5.12948,1,1,3
4,100,200,4,35,-81.0673,124.647,40,2.32895,40,2.32895,1,1,4
4,100,200,4,36,-12.2222,145.077,93,8.80412,93,8.80412,1,1,4
4,100,200,4,37,-12.6109,-137.469,3,7.98511,3,7.98511,1,1,3
4,100,200,4,38,23.8534,-156.128,32,8.7994,32,8.7994,1,1,6
4,100,200,4,39,56.523,52.8723,6,5.62961,6,5.62961,1,1,3
4,100,200,4,40,32.49,-155.033,64,6.06711,64,6.06711,1,1,7
4,100,200,4,41,-39.067,3.55991,92,8.31586,92,8.31586,1,1,6
4,100,200,4,42,4.38151,75.2655,56,32.4021,56,32.4021,1,1,6
4,100,200,4,43,-35.0819,165.609,2,17.2129,2,17.2129,1,1,2
4,100,200,4,44,-21.4514,-125.846,3,6.8151,3,6.8151,1,1,3
4,100,200,4,45,30.3335,139.554,73,10.9938,73,10.9938,1,1,2
4,100,200,4,46,19.932,-18.3605,24,10.3448,24,10.3448,1,1,6
4,100,200,4,47,58.3379,-32.4444,67,7.59215,67,7.59215,1,1,5
4,100,200,4,48,-56.4723,88.9842,96,3.30464,96,3.30464,1,1,7
4,100,200,4,49,-5.45757,-116.513,81,14.9893,81,14.9893,1,1,5
4,100,200,4,50,86.6918,6.95029,1,2.94801,1,2.94801,1,1,2
4,100,200,4,51,-85.933,-31.0608,48,2.56627,48,2.56627,1,1,10
4,100,200,4,52,-13.9866,-17.0877,84,22.0528,84,22.0528,1,1,7
4,100,200,4,53,5.73515,-160.266,32,12.1356,32,12.1356,1,1,5
4,100,200,4,54,3.39209,-55.4837,94,6.40134,94,6.40134,1,1,7
4,100,200,4,55,36.303,-108.236,25,14.2253,25,14.2253,1,1,5
4,100,200,4,56,-15.2582,174.472,50,13.2892,50,13.2892,1,1,4
4,100,200,4,57,37.662,158.247,59,5.49741,59,5.49741,1,1,4
4,100,200,4,58,34.8688,-174.84,64,14.2902,64,14.2902,1,1,7
4,100,200,4,59,71.9276,-153.165,71,10.7765,71,10.7765,1,1,6
4,100,200,4,60,-60.3429,24.5223,31,6.28807,31,6.28807,1,1,4
4,100,200,4,61,83.1945,99.1781,69,6.48944,69,6.48944,1,1,5
4,100,200,4,62,-86.9191,103.065,54,6.20727,54,6.20727,1,1,6
4,100,200,4,63,-56.6331,-106.783,43,12.7647,43,12.7647,1,1,5
4,100,200,4,64,6.0245,55.8186,51,13.1811,51,13.1811,1,1,5
4,100,200,4,65,-21.6479,5.43248,92,10.0394,92,10.0394,1,1,7
4,100,200,4,66,-58.6156,-35.1618,87,4.6023,87,4.6023,1,1,9
4,100,200,4,67,77.1858,34.7957,28,5.46097,28,5.46097,1,1,4
4,100,200,4,68,63.8752,-14.158,45,3.85953,45,3.85953,1,1,5
4,100,200,4,69,27.2647,-45.4654,27,2.08855,27,2.08855,1,1,7
4,100,200,4,70,55.1791,-52.8647,67,4.21733,67,4.21733,1,1,5
4,100,200,4,71,13.1494,-100.158,25,10.3808,25,10.3808,1,1,6
4,100,200,4,72,-29.1963,-78.3773,44,7.99823,44,7.99823,1,1,6
4,100,200,4,73,-60.9558,-168.655,90,15.7193,90,15.7193,1,1,7
4,100,200,4,74,-36.6085,-158.056,3,28.4378,3,28.4378,1,1,3
4,100,200,4,75,-70.9102,-13.9029,63,8.46196,63,8.46196,1,1,7
4,100,200,4,76,23.233,-155.431,32,8.87648,32,8.87648,1,1,6
4,100,200,4,77,-47.3624,52.6277,95,1.46689,95,1.46689,1,1,5
4,100,200,4,78,63.8167,-27.9911,45,7.89559,45,7.89559,1,1,5
4,100,200,4,79,62.9224,-40.3175,67,6.12988,67,6.12988,1,1,5
4,100,200,4,80,-76.0862,-97.451,98,5.81639,98,5.81639,1,1,8
4,100,200,4,81,72.5575,-89.4036,65,5.46666,65,5.46666,1,1,4
4,100,200,4,82,23.6936,119.487,0,13.6456,0,13.6456,1,1,1
4,100,200,4,83,62.6961,-4.8624,45,4.82134,45,4.82134,1,1,5
4,100,200,4,84,-37.3357,-0.0784912,92,8.70255,92,8.70255,1,1,6
4,100,200,4,85,64.8361,-144.313,68,8.03857,68,8.03857,1,1,7
4,100,200,4,86,63.5284,-24.0291,45,6.1734,45,6.1734,1,1,5
4,100,200,4,87,-32.2356,-111.336,34,7.95974,34,7.95974,1,1,4
4,100,200,4,88,38.7968,-6.38286,11,11.052,11,11.052,1,1,4
4,100,200,4,89,-49.9955,-175.623,90,26.6377,90,26.6377,1,1,6
4,100,200,4,90,7.7804,-61.8113,94,3.28046,94,3.28046,1,1,6
4,100,200,4,91,-4.76312,-117.973,81,13.3845,81,13.3845,1,1,5
4,100,200,4,92,-18.6213,75.7489,56,13.8407,56,13.8407,1,1,5
4,100,200,4,93,57.3272,-89.6091,76,13.5753,76,13.5753,1,1,4
4,100,200,4,94,-66.1211,60.4993,29,3.71035,29,3.71035,1,1,4
4,100,200,4,95,25.0367,-104.415,25,2.83563,25,2.83563,1,1,5
4,100,200,4,96,71.5241,15.1883,28,7.33928,28,7.33928,1,1,3
4,100,200,4,97,-6.9091,10.4354,84,8.57237,84,8.57237,1,1,6
4,100,200,4,98,-22.6625,-68.4261,82,17.2637,82,17.2637,1,1,7
4,100,200,4,99,-87.2135,60.0036,54,3.51805,54,3.51805,1,1,10
4,100,200,4,100,55.7477,135.245,20,15.7406,20,15.7406,1,1,2
4,100,200,4,101,47.8453,58.5523,6,14.4917,6,14.4917,1,1,3
4,100,200,4,102,-34.3919,-148.781,3,20.9658,3,20.9658,1,1,3
4,100,200,4,103,63.6082,-171.19,75,7.1615,75,7.1615,1,1,10
4,100,200,4,104,12.4182,-152.774,55,4.379,55,4.379,1,1,7
4,100,200,4,105,-83.4067,-139.603,35,2.82907,35,2.82907,1,1,7
4,100,200,4,106,-17.2929,3.66028,84,13.8397,84,13.8397,1,1,6
4,100,200,4,107,-38.788,108.172,72,7.52908,72,7.52908,1,1,5
4,100,200,4,108,-50.2954,-142.922,90,16.0341,90,16.0341,1,1,6
4,100,200,4,109,-80.7188,-52.8329,66,5.89861,66,5.89861,1,1,11
4,100,200,4,110,48.7888,68.6358,37,12.4348,37,12.4348,1,1,3
4,100,200,4,111,11.3763,60.6259,51,17.4378,51,17.4378,1,1,5
4,100,200,4,112,-48.0879,-171.066,90,26.3616,90,26.3616,1,1,6
4,100,200,4,113,-54.4694,38.4991,95,10.434,95,10.434,1,1,5
4,100,200,4,114,-29.7459,-103.366,34,12.4803,34,12.4803,1,1,5
4,100,200,4,115,-40.7486,-127.996,34,17.6096,34,17.6096,1,1,4
4,100,200,4,116,-74.0602,-165.807,90,13.3297,90,13.3297,1,1,7
4,100,200,4,117,55.278,-36.9042,67,5.92808,67,5.92808,1,1,5
4,100,200,4,118,-67.2937,57.7724,29,3.80432,29,3.80432,1,1,4
4,100,200,4,119,-14.0472,70.249,56,20.7821,56,20.7821,1,1,6
4,100,200,4,120,42.499,-14.9079,11,4.1651,11,4.1651,1,1,4
4,100,200,4,121,55.3231,-129.588,68,7.15113,68,7.15113,1,1,5
4,100,200,4,122,84.3762,-146.93,71,3.01617,71,3.01617,1,1,4
4,100,200,4,123,79.2919,-111.838,65,6.81477,65,6.81477,1,1,4
4,100,200,4,124,-54.9257,177.146,39,7.67429,39,7.67429,1,1,4
4,100,200,4,125,7.6644,167.726,22,6.69929,22,6.69929,1,1,2
4,100,200,4,126,32.891,-141.919,7,10.9536,7,10.9536,1,1,4
4,100,200,4,127,24.176,149.606,73,7.90917,73,7.90917,1,1,5
4,100,200,4,128,-66.4922,119.413,80,7.20727,80,7.20727,1,1,6
4,100,200,4,129,4.05266,-12.4761,84,16.806,84,16.806,1,1,8
4,100,200,4,130,-81.9762,106.608,40,3.56115,40,3.56115,1,1,5
4,100,200,4,131,19.7638,-132.073,9,4.30862,9,4.30862,1,1,5
4,100,200,4,132,60.4007,-29.9164,45,8.28171,45,8.28171,1,1,4
4,100,200,4,133,5.51149,166.214,22,9.29365,22,9.29365,1,1,3
4,100,200,4,134,-76.072,162.929,86,1.73743,86,1.73743,1,1,4
4,100,200,4,135,28.2315,112.854,0,14.2001,0,14.2001,1,1,1
4,100,200,4,136,-15.9896,-12.8907,84,19.6802,84,19.6802,1,1,5
4,100,200,4,137,81.6331,-43.2268,49,0.475621,49,0.475621,1,1,3
4,100,200,4,138,10.0897,141.85,73,9.62486,73,9.62486,1,1,3
4,100,200,4,139,12.4674,90.328,56,37.5962,56,37.5962,1,1,2
4,100,200,4,140,69.4981,-139.736,68,8.80154,68,8.80154,1,1,5
4,100,200,4,141,39.0271,24.7782,14,7.37144,14,7.37144,1,1,5
4,100,200,4,142,-50.8275,-53.5938,82,13.3272,82,13.3272,1,1,8
4,100,200,4,143,-2.80783,-54.6394,94,12.424,94,12.424,1,1,7
4,100,200,4,144,-57.0902,-177.51,90,21.9842,90,21.9842,1,1,7
4,100,200,4,145,56.4423,-98.1328,76,12.4589,76,12.4589,1,1,7
4,100,200,4,146,54.5489,-27.5879,97,8.0948,97,8.0948,1,1,5
4,100,200,4,147,-25.1028,49.8992,53,7.36521,53,7.36521,1,1,6
4,100,200,4,148,61.2479,140.817,20,11.8098,20,11.8098,1,1,4
4,100,200,4,149,18.0566,150.352,73,7.5279,73,7.5279,1,1,4
4,100,200,4,150,61.873,-87.4238,19,10.2102,19,10.2102,1,1,3
4,100,200,4,151,41.6029,-88.2332,74,20.9314,74,20.9314,1,1,7
4,100,200,4,152,39.8427,66.4719,37,21.5313,37,21.5313,1,1,3
4,100,200,4,153,24.27,-80.135,10,14.1366,10,14.1366,1,1,5
4,100,200,4,154,14.1609,-106.525,25,8.23818,25,8.23818,1,1,6
4,100,200,4,155,-84.9035,-12.682,54,2.09849,54,2.09849,1,1,10
4,100,200,4,156,-33.1307,88.2472,33,7.15504,33,7.15504,1,1,4
4,100,200,4,157,-83.9519,12.0836,54,1.56914,54,1.56914,1,1,11
4,100,200,4,158,-72.6733,6.4805,63,2.78433,63,2.78433,1,1,5
4,100,200,4,159,68.7221,-79.527,19,4.28531,19,4.28531,1,1,3
4,100,200,4,160,4.48507,70.3288,51,27.5957,51,27.5957,1,1,7
4,100,200,4,161,1.1701,-61.9321,94,8.40168,94,8.40168,1,1,6
4,100,200,4,162,-68.6295,132.135,80,6.5509,80,6.5509,1,1,5
4,100,200,4,163,83.9835,165.237,69,5.60798,69,5.60798,1,1,4
4,100,200,4,164,46.476,24.0803,14,5.06628,14,5.06628,1,1,5
4,100,200,4,165,67.7942,36.6981,57,7.02257,57,7.02257,1,1,4
4,100,200,4,166,58.3282,38.7942,6,2.73571,6,2.73571,1,1,3
4,100,200,4,167,64.2325,16.342,57,4.33594,57,4.33594,1,1,4
4,100,200,4,168,-37.367,-2.99503,92,10.6222,92,10.6222,1,1,7
4,100,200,4,169,58.1035,133.588,20,15.8568,20,15.8568,1,1,2
4,100,200,4,170,35.24,126.4,0,0.712713,0,0.712713,1,1,1
4,100,200,4,171,-29.5471,-175.781,3,40.6294,3,40.6294,1,1,3
4,100,200,4,172,17.3236,-46.998,27,11.7114,27,11.7114,1,1,6
4,100,200,4,173,8.15111,69.3006,51,26.0308,51,26.0308,1,1,7
4,100,200,4,174,69.7413,-26.2535,77,6.64258,77,6.64258,1,1,5
4,100,200,4,175,84.8868,-31.5473,1,2.05947,1,2.05947,1,1,2
4,100,200,4,176,-67.9623,-7.88625,63,7.3455,63,7.3455,1,1,6
4,100,200,4,177,43.2603,-93.1837,74,22.7917,74,22.7917,1,1,6
4,100,200,4,178,-27.8758,74.4877,33,9.87478,33,9.87478,1,1,5
4,100,200,4,179,-53.9735,-142.8,90,12.424,90,12.424,1,1,7
4,100,200,4,180,-40.716,-152.359,90,27.0942,90,27.0942,1,1,4
4,100,200,4,181,36.9492,-144.776,64,10.1975,64,10.1975,1,1,5
4,100,200,4,182,33.2178,22.3634,12,2.08503,12,2.08503,1,1,4
4,100,200,4,183,25.7832,171.702,46,3.93524,46,3.93524,1,1,4
4,100,200,4,184,-80.3158,-12.2266,66,0.862304,66,0.862304,1,1,10
4,100,200,4,185,62.6448,89.8483,13,3.9419,13,3.9419,1,1,5
4,100,200,4,186,-32.9133,-113.805,34,7.52243,34,7.52243,1,1,4
4,100,200,4,187,47.0334,148.821,59,8.0954,59,8.0954,1,1,3
4,100,200,4,188,9.59873,-69.631,94,10.8017,94,10.8017,1,1,6
4,100,200,4,189,19.0605,-21.32,24,9.37511,24,9.37511,1,1,6
4,100,200,4,190,42.0578,27.8947,14,3.52219,14,3.52219,1,1,5
4,100,200,4,191,63.5663,128.191,20,17.9084,20,17.9084,1,1,5
4,100,200,4,192,-79.9958,33.6533,54,6.19831,54,6.19831,1,1,6
4,100,200,4,193,-72.4965,-35.7432,30,4.19146,30,4.19146,1,1,7
4,100,200,4,194,-35.9295,-72.94,82,10.6778,82,10.6778,1,1,10
4,100,200,4,195,0.728592,26.7089,99,15.723,99,15.723,1,1,6
4,100,200,4,196,-22.6493,-104.644,34,11.5078,34,11.5078,1,1,5
4,100,200,4,197,30.9667,-158.863,64,7.31485,64,7.31485,1,1,7
4,100,200,4,198,48.8595,-66.5003,74,4.83554,74,4.83554,1,1,7
4,100,200,4,199,-83.5807,117.087,40,4.58498,40,4.58498,1,1,5
